"Var1","Freq","Survey","Country"
"1",0.0632107351007688,"AF2015DHS","Afghanistan"
"2",0.210233558427561,"AF2015DHS","Afghanistan"
"3",0.216015190584868,"AF2015DHS","Afghanistan"
"4",0.147405752696167,"AF2015DHS","Afghanistan"
"5",0.152580324624667,"AF2015DHS","Afghanistan"
"6",0.103822514059246,"AF2015DHS","Afghanistan"
"7",0.106731924506722,"AF2015DHS","Afghanistan"
"1",0.0152078999542948,"AL2017DHS","Albania"
"2",0.0846661199659038,"AL2017DHS","Albania"
"3",0.14494436281519,"AL2017DHS","Albania"
"4",0.167257696589759,"AL2017DHS","Albania"
"5",0.166947758334609,"AL2017DHS","Albania"
"6",0.198280399042026,"AL2017DHS","Albania"
"7",0.222695763298217,"AL2017DHS","Albania"
"1",0.0219081689858532,"AL2008DHS","Albania"
"2",0.0715129232172288,"AL2008DHS","Albania"
"3",0.119725503620645,"AL2008DHS","Albania"
"4",0.153104671592665,"AL2008DHS","Albania"
"5",0.204302139721528,"AL2008DHS","Albania"
"6",0.230972890479153,"AL2008DHS","Albania"
"7",0.198473702382926,"AL2008DHS","Albania"
"1",0.0785672304596112,"AO2015DHS","Angola"
"2",0.198755392916212,"AO2015DHS","Angola"
"3",0.215984223440526,"AO2015DHS","Angola"
"4",0.168753314290771,"AO2015DHS","Angola"
"5",0.145587731909109,"AO2015DHS","Angola"
"6",0.1172741056177,"AO2015DHS","Angola"
"7",0.0750780013660702,"AO2015DHS","Angola"
"1",0.00856325129173106,"AM2016DHS","Armenia"
"2",0.0937350793957221,"AM2016DHS","Armenia"
"3",0.195330684313229,"AM2016DHS","Armenia"
"4",0.211950709600483,"AM2016DHS","Armenia"
"5",0.182057677594044,"AM2016DHS","Armenia"
"6",0.164022453151885,"AM2016DHS","Armenia"
"7",0.144340144652907,"AM2016DHS","Armenia"
"1",0.0187325164441518,"AM2010DHS","Armenia"
"2",0.124114433762429,"AM2010DHS","Armenia"
"3",0.176846250338508,"AM2010DHS","Armenia"
"4",0.179166296334103,"AM2010DHS","Armenia"
"5",0.142467690293995,"AM2010DHS","Armenia"
"6",0.169101886427313,"AM2010DHS","Armenia"
"7",0.1895709263995,"AM2010DHS","Armenia"
"1",0.0192816744580389,"AM2005DHS","Armenia"
"2",0.124687400677366,"AM2005DHS","Armenia"
"3",0.171751244874507,"AM2005DHS","Armenia"
"4",0.148597681674729,"AM2005DHS","Armenia"
"5",0.148744519720875,"AM2005DHS","Armenia"
"6",0.203648851067781,"AM2005DHS","Armenia"
"7",0.183288627526704,"AM2005DHS","Armenia"
"1",0.0239290906004187,"AM2000DHS","Armenia"
"2",0.123902023048,"AM2000DHS","Armenia"
"3",0.151573645510582,"AM2000DHS","Armenia"
"4",0.160107056711898,"AM2000DHS","Armenia"
"5",0.197792961489938,"AM2000DHS","Armenia"
"6",0.187476329329496,"AM2000DHS","Armenia"
"7",0.155218893309666,"AM2000DHS","Armenia"
"1",0.0286981371456155,"AZ2006DHS","Azerbaijan"
"2",0.132299933181673,"AZ2006DHS","Azerbaijan"
"3",0.152995051948384,"AZ2006DHS","Azerbaijan"
"4",0.157365256833497,"AZ2006DHS","Azerbaijan"
"5",0.175640719402411,"AZ2006DHS","Azerbaijan"
"6",0.207121002436978,"AZ2006DHS","Azerbaijan"
"7",0.145879899051441,"AZ2006DHS","Azerbaijan"
"1",0.105681805245383,"BD2017DHS","Bangladesh"
"2",0.180929732036963,"BD2017DHS","Bangladesh"
"3",0.181449290934802,"BD2017DHS","Bangladesh"
"4",0.174256640970437,"BD2017DHS","Bangladesh"
"5",0.142171974626649,"BD2017DHS","Bangladesh"
"6",0.111065986512416,"BD2017DHS","Bangladesh"
"7",0.104444569673351,"BD2017DHS","Bangladesh"
"1",0.117687640878293,"BD2014DHS","Bangladesh"
"2",0.187816715396298,"BD2014DHS","Bangladesh"
"3",0.192760516095662,"BD2014DHS","Bangladesh"
"4",0.173150207352999,"BD2014DHS","Bangladesh"
"5",0.127722109255793,"BD2014DHS","Bangladesh"
"6",0.111148447925708,"BD2014DHS","Bangladesh"
"7",0.0897143630952471,"BD2014DHS","Bangladesh"
"1",0.115732280798392,"BD2011DHS","Bangladesh"
"2",0.20416361047008,"BD2011DHS","Bangladesh"
"3",0.196105221734577,"BD2011DHS","Bangladesh"
"4",0.152231016102579,"BD2011DHS","Bangladesh"
"5",0.125081924042556,"BD2011DHS","Bangladesh"
"6",0.116460748708617,"BD2011DHS","Bangladesh"
"7",0.0902251981431989,"BD2011DHS","Bangladesh"
"1",0.135049909830331,"BD2007DHS","Bangladesh"
"2",0.205430805528639,"BD2007DHS","Bangladesh"
"3",0.182367012735387,"BD2007DHS","Bangladesh"
"4",0.152150545451478,"BD2007DHS","Bangladesh"
"5",0.140986376487014,"BD2007DHS","Bangladesh"
"6",0.102062132765919,"BD2007DHS","Bangladesh"
"7",0.0819532172012325,"BD2007DHS","Bangladesh"
"1",0.147176125646252,"BD2004DHS","Bangladesh"
"2",0.203277797120398,"BD2004DHS","Bangladesh"
"3",0.185399570050209,"BD2004DHS","Bangladesh"
"4",0.161230677587487,"BD2004DHS","Bangladesh"
"5",0.125417353313295,"BD2004DHS","Bangladesh"
"6",0.0941025668071407,"BD2004DHS","Bangladesh"
"7",0.0833959094752181,"BD2004DHS","Bangladesh"
"1",0.153905318496354,"BD2000DHS","Bangladesh"
"2",0.193507214480299,"BD2000DHS","Bangladesh"
"3",0.196898227394879,"BD2000DHS","Bangladesh"
"4",0.159605139087685,"BD2000DHS","Bangladesh"
"5",0.123072893760312,"BD2000DHS","Bangladesh"
"6",0.099406363691435,"BD2000DHS","Bangladesh"
"7",0.073604843089037,"BD2000DHS","Bangladesh"
"1",0.150667247857591,"BD1997DHS","Bangladesh"
"2",0.199244663028089,"BD1997DHS","Bangladesh"
"3",0.218196584248087,"BD1997DHS","Bangladesh"
"4",0.156085684673904,"BD1997DHS","Bangladesh"
"5",0.124112768275285,"BD1997DHS","Bangladesh"
"6",0.0891149390854754,"BD1997DHS","Bangladesh"
"7",0.0625781128315679,"BD1997DHS","Bangladesh"
"1",0.138482594140078,"BD1994DHS","Bangladesh"
"2",0.222222921064724,"BD1994DHS","Bangladesh"
"3",0.216129611672008,"BD1994DHS","Bangladesh"
"4",0.15304344180444,"BD1994DHS","Bangladesh"
"5",0.122116608126739,"BD1994DHS","Bangladesh"
"6",0.0868187135879862,"BD1994DHS","Bangladesh"
"7",0.0611861096040257,"BD1994DHS","Bangladesh"
"1",0.0553378066187117,"BJ2017DHS","Benin"
"2",0.176051749059906,"BJ2017DHS","Benin"
"3",0.237959956398541,"BJ2017DHS","Benin"
"4",0.18220545515112,"BJ2017DHS","Benin"
"5",0.152711807943223,"BJ2017DHS","Benin"
"6",0.104426643638788,"BJ2017DHS","Benin"
"7",0.0913065811897103,"BJ2017DHS","Benin"
"1",0.0342244227430001,"BJ2012DHS","Benin"
"2",0.151848514844248,"BJ2012DHS","Benin"
"3",0.240970687734465,"BJ2012DHS","Benin"
"4",0.209432465986634,"BJ2012DHS","Benin"
"5",0.168488804912829,"BJ2012DHS","Benin"
"6",0.117634772505859,"BJ2012DHS","Benin"
"7",0.0774003312729654,"BJ2012DHS","Benin"
"1",0.0497666233030468,"BJ2006DHS","Benin"
"2",0.165535160805423,"BJ2006DHS","Benin"
"3",0.248929574896755,"BJ2006DHS","Benin"
"4",0.197102383578667,"BJ2006DHS","Benin"
"5",0.147201151438586,"BJ2006DHS","Benin"
"6",0.105202566053478,"BJ2006DHS","Benin"
"7",0.0862625399240447,"BJ2006DHS","Benin"
"1",0.0629461695431625,"BJ2001DHS","Benin"
"2",0.190113299972388,"BJ2001DHS","Benin"
"3",0.234315942039558,"BJ2001DHS","Benin"
"4",0.173459461015308,"BJ2001DHS","Benin"
"5",0.153365549931292,"BJ2001DHS","Benin"
"6",0.104703281130116,"BJ2001DHS","Benin"
"7",0.0810962963681749,"BJ2001DHS","Benin"
"1",0.0733347761411064,"BJ1996DHS","Benin"
"2",0.187195079140086,"BJ1996DHS","Benin"
"3",0.208342187708607,"BJ1996DHS","Benin"
"4",0.170556056993617,"BJ1996DHS","Benin"
"5",0.152453435777256,"BJ1996DHS","Benin"
"6",0.114466788648807,"BJ1996DHS","Benin"
"7",0.0936516755905212,"BJ1996DHS","Benin"
"1",0.0464540650364218,"BO2008DHS","Bolivia"
"2",0.124295119527708,"BO2008DHS","Bolivia"
"3",0.196091452062986,"BO2008DHS","Bolivia"
"4",0.18849541933391,"BO2008DHS","Bolivia"
"5",0.176876660715455,"BO2008DHS","Bolivia"
"6",0.143637489148465,"BO2008DHS","Bolivia"
"7",0.124149794175054,"BO2008DHS","Bolivia"
"1",0.0403554303160742,"BO2003DHS","Bolivia"
"2",0.153681829646138,"BO2003DHS","Bolivia"
"3",0.184484854399524,"BO2003DHS","Bolivia"
"4",0.192303917533116,"BO2003DHS","Bolivia"
"5",0.171990909329986,"BO2003DHS","Bolivia"
"6",0.145290235349498,"BO2003DHS","Bolivia"
"7",0.111892823425663,"BO2003DHS","Bolivia"
"1",0.0395289996496767,"BO1998DHS","Bolivia"
"2",0.144592555391307,"BO1998DHS","Bolivia"
"3",0.188768571032705,"BO1998DHS","Bolivia"
"4",0.186726847119386,"BO1998DHS","Bolivia"
"5",0.190766156791686,"BO1998DHS","Bolivia"
"6",0.13739931813589,"BO1998DHS","Bolivia"
"7",0.11221755187935,"BO1998DHS","Bolivia"
"1",0.048836333457365,"BO1994DHS","Bolivia"
"2",0.153827248863881,"BO1994DHS","Bolivia"
"3",0.193763236483723,"BO1994DHS","Bolivia"
"4",0.201498769503798,"BO1994DHS","Bolivia"
"5",0.168900812709217,"BO1994DHS","Bolivia"
"6",0.132223317476494,"BO1994DHS","Bolivia"
"7",0.100950281505521,"BO1994DHS","Bolivia"
"1",0.0424009737574348,"BO1989DHS","Bolivia"
"2",0.142512498855571,"BO1989DHS","Bolivia"
"3",0.203372320520379,"BO1989DHS","Bolivia"
"4",0.192668204132267,"BO1989DHS","Bolivia"
"5",0.186643712452262,"BO1989DHS","Bolivia"
"6",0.12517872001912,"BO1989DHS","Bolivia"
"7",0.107223570262965,"BO1989DHS","Bolivia"
"1",0.0447574069034488,"BR1996DHS","Brazil"
"2",0.115045681443594,"BR1996DHS","Brazil"
"3",0.180053252321985,"BR1996DHS","Brazil"
"4",0.203750357786483,"BR1996DHS","Brazil"
"5",0.183826280330048,"BR1996DHS","Brazil"
"6",0.151666050661984,"BR1996DHS","Brazil"
"7",0.120900970552457,"BR1996DHS","Brazil"
"1",0.0599340202710149,"BR1991DHS","Brazil"
"2",0.144032671977716,"BR1991DHS","Brazil"
"3",0.18848649714127,"BR1991DHS","Brazil"
"4",0.168462551887021,"BR1991DHS","Brazil"
"5",0.177128650657189,"BR1991DHS","Brazil"
"6",0.147558472750208,"BR1991DHS","Brazil"
"7",0.114397135315581,"BR1991DHS","Brazil"
"1",0.0496842204697113,"BR1986DHS","Brazil"
"2",0.171482538832401,"BR1986DHS","Brazil"
"3",0.21636089115184,"BR1986DHS","Brazil"
"4",0.221277517393153,"BR1986DHS","Brazil"
"5",0.186468852621967,"BR1986DHS","Brazil"
"6",0.154725979530929,"BR1986DHS","Brazil"
"1",0.0768747130401369,"BF2010DHS","Burkina Faso"
"2",0.198019778351662,"BF2010DHS","Burkina Faso"
"3",0.204463532493361,"BF2010DHS","Burkina Faso"
"4",0.180876380736994,"BF2010DHS","Burkina Faso"
"5",0.13985440803725,"BF2010DHS","Burkina Faso"
"6",0.113918723372613,"BF2010DHS","Burkina Faso"
"7",0.0859924639679839,"BF2010DHS","Burkina Faso"
"1",0.0909097192284803,"BF2003DHS","Burkina Faso"
"2",0.192752865826979,"BF2003DHS","Burkina Faso"
"3",0.20185983451102,"BF2003DHS","Burkina Faso"
"4",0.156349917697031,"BF2003DHS","Burkina Faso"
"5",0.147818608467593,"BF2003DHS","Burkina Faso"
"6",0.113892403142571,"BF2003DHS","Burkina Faso"
"7",0.0964166511263264,"BF2003DHS","Burkina Faso"
"1",0.0942508143033359,"BF1999DHS","Burkina Faso"
"2",0.197410316430656,"BF1999DHS","Burkina Faso"
"3",0.19636744527754,"BF1999DHS","Burkina Faso"
"4",0.158960092749062,"BF1999DHS","Burkina Faso"
"5",0.15486467385967,"BF1999DHS","Burkina Faso"
"6",0.110731684942958,"BF1999DHS","Burkina Faso"
"7",0.0874149724367786,"BF1999DHS","Burkina Faso"
"1",0.113876849334594,"BF1993DHS","Burkina Faso"
"2",0.205254896964384,"BF1993DHS","Burkina Faso"
"3",0.209387470179721,"BF1993DHS","Burkina Faso"
"4",0.170110575038391,"BF1993DHS","Burkina Faso"
"5",0.13780811242707,"BF1993DHS","Burkina Faso"
"6",0.0933773309109867,"BF1993DHS","Burkina Faso"
"7",0.070184765144854,"BF1993DHS","Burkina Faso"
"1",0.0231639507792162,"BU2016DHS","Burundi"
"2",0.155899374906837,"BU2016DHS","Burundi"
"3",0.230756560459492,"BU2016DHS","Burundi"
"4",0.212106280774421,"BU2016DHS","Burundi"
"5",0.167515769897564,"BU2016DHS","Burundi"
"6",0.121174393312261,"BU2016DHS","Burundi"
"7",0.0893836698702092,"BU2016DHS","Burundi"
"1",0.0371682702231893,"BU2010DHS","Burundi"
"2",0.203963516912263,"BU2010DHS","Burundi"
"3",0.233516553019164,"BU2010DHS","Burundi"
"4",0.16500782797573,"BU2010DHS","Burundi"
"5",0.163835390664697,"BU2010DHS","Burundi"
"6",0.104239659997334,"BU2010DHS","Burundi"
"7",0.0922687812076215,"BU2010DHS","Burundi"
"1",0.0162519479704436,"BU1987DHS","Burundi"
"2",0.181157563492573,"BU1987DHS","Burundi"
"3",0.258787317737081,"BU1987DHS","Burundi"
"4",0.210750014870003,"BU1987DHS","Burundi"
"5",0.160597752592181,"BU1987DHS","Burundi"
"6",0.085501532195782,"BU1987DHS","Burundi"
"7",0.0869538711419366,"BU1987DHS","Burundi"
"1",0.0378578416264723,"KH2014DHS","Cambodia"
"2",0.154037052677488,"KH2014DHS","Cambodia"
"3",0.189006536023337,"KH2014DHS","Cambodia"
"4",0.220653915170239,"KH2014DHS","Cambodia"
"5",0.13222003071727,"KH2014DHS","Cambodia"
"6",0.140597443569893,"KH2014DHS","Cambodia"
"7",0.1256271802153,"KH2014DHS","Cambodia"
"1",0.0328509021165246,"KH2010DHS","Cambodia"
"2",0.144443383409692,"KH2010DHS","Cambodia"
"3",0.221227779269365,"KH2010DHS","Cambodia"
"4",0.155734100775159,"KH2010DHS","Cambodia"
"5",0.150255352907608,"KH2010DHS","Cambodia"
"6",0.160093052460609,"KH2010DHS","Cambodia"
"7",0.135395429061042,"KH2010DHS","Cambodia"
"1",0.0360300927061063,"KH2005DHS","Cambodia"
"2",0.165666114795904,"KH2005DHS","Cambodia"
"3",0.155384047138039,"KH2005DHS","Cambodia"
"4",0.171443371755524,"KH2005DHS","Cambodia"
"5",0.180997038404928,"KH2005DHS","Cambodia"
"6",0.1638145594281,"KH2005DHS","Cambodia"
"7",0.126664775771397,"KH2005DHS","Cambodia"
"1",0.0482865195717242,"KH2000DHS","Cambodia"
"2",0.111242078095946,"KH2000DHS","Cambodia"
"3",0.177723627565917,"KH2000DHS","Cambodia"
"4",0.19808713416023,"KH2000DHS","Cambodia"
"5",0.194467614474759,"KH2000DHS","Cambodia"
"6",0.157347494034477,"KH2000DHS","Cambodia"
"7",0.112845532096947,"KH2000DHS","Cambodia"
"1",0.0794914757832265,"CM2018DHS","Cameroon"
"2",0.159646538171541,"CM2018DHS","Cameroon"
"3",0.225382888427547,"CM2018DHS","Cameroon"
"4",0.196886475467947,"CM2018DHS","Cameroon"
"5",0.150852250968105,"CM2018DHS","Cameroon"
"6",0.104148537378347,"CM2018DHS","Cameroon"
"7",0.0835918338032874,"CM2018DHS","Cameroon"
"1",0.0886211174387926,"CM2011DHS","Cameroon"
"2",0.19761045954592,"CM2011DHS","Cameroon"
"3",0.216666539807151,"CM2011DHS","Cameroon"
"4",0.165129032232194,"CM2011DHS","Cameroon"
"5",0.14229054473073,"CM2011DHS","Cameroon"
"6",0.101896129250466,"CM2011DHS","Cameroon"
"7",0.0877861769947466,"CM2011DHS","Cameroon"
"1",0.115584861998948,"CM2004DHS","Cameroon"
"2",0.218129797781384,"CM2004DHS","Cameroon"
"3",0.202095100325446,"CM2004DHS","Cameroon"
"4",0.160309380789412,"CM2004DHS","Cameroon"
"5",0.129623370462259,"CM2004DHS","Cameroon"
"6",0.0964229275284362,"CM2004DHS","Cameroon"
"7",0.0778345611141158,"CM2004DHS","Cameroon"
"1",0.117005904535679,"CM1998DHS","Cameroon"
"2",0.202899680231554,"CM1998DHS","Cameroon"
"3",0.200461204307721,"CM1998DHS","Cameroon"
"4",0.15854624610089,"CM1998DHS","Cameroon"
"5",0.139961124125735,"CM1998DHS","Cameroon"
"6",0.106181754816916,"CM1998DHS","Cameroon"
"7",0.074944085881506,"CM1998DHS","Cameroon"
"1",0.131529596256648,"CM1991DHS","Cameroon"
"2",0.208140148403472,"CM1991DHS","Cameroon"
"3",0.187506778448535,"CM1991DHS","Cameroon"
"4",0.169983093928248,"CM1991DHS","Cameroon"
"5",0.133605204126306,"CM1991DHS","Cameroon"
"6",0.0979346148084114,"CM1991DHS","Cameroon"
"7",0.0713005640283793,"CM1991DHS","Cameroon"
"1",0.123095621133055,"CF1994DHS","Central African Republic"
"2",0.205888880875016,"CF1994DHS","Central African Republic"
"3",0.203691691420566,"CF1994DHS","Central African Republic"
"4",0.168876380959636,"CF1994DHS","Central African Republic"
"5",0.135650238824025,"CF1994DHS","Central African Republic"
"6",0.0848177779366941,"CF1994DHS","Central African Republic"
"7",0.0779794088510077,"CF1994DHS","Central African Republic"
"1",0.113503078181831,"TD2014DHS","Chad"
"2",0.180077579534599,"TD2014DHS","Chad"
"3",0.222493214085509,"TD2014DHS","Chad"
"4",0.172434646692128,"TD2014DHS","Chad"
"5",0.137301214966282,"TD2014DHS","Chad"
"6",0.0963196683298413,"TD2014DHS","Chad"
"7",0.0778705982098087,"TD2014DHS","Chad"
"1",0.122537651790247,"TD2004DHS","Chad"
"2",0.194519556758941,"TD2004DHS","Chad"
"3",0.225428838751107,"TD2004DHS","Chad"
"4",0.152646050901832,"TD2004DHS","Chad"
"5",0.128338942022868,"TD2004DHS","Chad"
"6",0.0950664640645285,"TD2004DHS","Chad"
"7",0.0814624957104758,"TD2004DHS","Chad"
"1",0.137321135750026,"TD1997DHS","Chad"
"2",0.204046610983586,"TD1997DHS","Chad"
"3",0.214207656055794,"TD1997DHS","Chad"
"4",0.152548937023456,"TD1997DHS","Chad"
"5",0.134017578516799,"TD1997DHS","Chad"
"6",0.0858941986542732,"TD1997DHS","Chad"
"7",0.0719638830160653,"TD1997DHS","Chad"
"1",0.0422818752862024,"CO2015DHS","Colombia"
"2",0.131382066645526,"CO2015DHS","Colombia"
"3",0.179323654825479,"CO2015DHS","Colombia"
"4",0.179416043878196,"CO2015DHS","Colombia"
"5",0.168415265436209,"CO2015DHS","Colombia"
"6",0.150927291360727,"CO2015DHS","Colombia"
"7",0.14825380256766,"CO2015DHS","Colombia"
"1",0.0475830834922602,"CO2010DHS","Colombia"
"2",0.122188584565953,"CO2010DHS","Colombia"
"3",0.168158157690202,"CO2010DHS","Colombia"
"4",0.174818153392733,"CO2010DHS","Colombia"
"5",0.168838031183144,"CO2010DHS","Colombia"
"6",0.169417791001636,"CO2010DHS","Colombia"
"7",0.148996198674072,"CO2010DHS","Colombia"
"1",0.047252425473149,"CO2005DHS","Colombia"
"2",0.138375745334256,"CO2005DHS","Colombia"
"3",0.169404419452564,"CO2005DHS","Colombia"
"4",0.17230053634483,"CO2005DHS","Colombia"
"5",0.176473439965757,"CO2005DHS","Colombia"
"6",0.155692587506,"CO2005DHS","Colombia"
"7",0.140500845923443,"CO2005DHS","Colombia"
"1",0.0548040748049701,"CO2000DHS","Colombia"
"2",0.137207187676251,"CO2000DHS","Colombia"
"3",0.174961797022166,"CO2000DHS","Colombia"
"4",0.184443655342588,"CO2000DHS","Colombia"
"5",0.183397673731856,"CO2000DHS","Colombia"
"6",0.149489903921405,"CO2000DHS","Colombia"
"7",0.115695707500764,"CO2000DHS","Colombia"
"1",0.0480117841362554,"CO1995DHS","Colombia"
"2",0.154445348139063,"CO1995DHS","Colombia"
"3",0.19733039017955,"CO1995DHS","Colombia"
"4",0.189176948002531,"CO1995DHS","Colombia"
"5",0.162842290888212,"CO1995DHS","Colombia"
"6",0.143397556714953,"CO1995DHS","Colombia"
"7",0.104795681939436,"CO1995DHS","Colombia"
"1",0.0441007399566144,"CO1990DHS","Colombia"
"2",0.166203851721697,"CO1990DHS","Colombia"
"3",0.212583023743196,"CO1990DHS","Colombia"
"4",0.187541502398124,"CO1990DHS","Colombia"
"5",0.159987830446813,"CO1990DHS","Colombia"
"6",0.125380861552189,"CO1990DHS","Colombia"
"7",0.104202190181366,"CO1990DHS","Colombia"
"1",0.0520193678564958,"CO1986DHS","Colombia"
"2",0.176042463768359,"CO1986DHS","Colombia"
"3",0.214425709375297,"CO1986DHS","Colombia"
"4",0.191326167578651,"CO1986DHS","Colombia"
"5",0.160204460922551,"CO1986DHS","Colombia"
"6",0.106755950670532,"CO1986DHS","Colombia"
"7",0.0992258798281144,"CO1986DHS","Colombia"
"1",0.0662370365230077,"KM2012DHS","Comoros"
"2",0.161202309382866,"KM2012DHS","Comoros"
"3",0.207430308206041,"KM2012DHS","Comoros"
"4",0.195290139276861,"KM2012DHS","Comoros"
"5",0.173785524080796,"KM2012DHS","Comoros"
"6",0.11967776668706,"KM2012DHS","Comoros"
"7",0.0763769158433687,"KM2012DHS","Comoros"
"1",0.0526315789473684,"KM1996DHS","Comoros"
"2",0.153610771113831,"KM1996DHS","Comoros"
"3",0.19828641370869,"KM1996DHS","Comoros"
"4",0.182986536107711,"KM1996DHS","Comoros"
"5",0.196450428396573,"KM1996DHS","Comoros"
"6",0.111383108935129,"KM1996DHS","Comoros"
"7",0.104651162790698,"KM1996DHS","Comoros"
"1",0.0656014593658967,"CG2011DHS","Congo"
"2",0.172157101141327,"CG2011DHS","Congo"
"3",0.228020739589842,"CG2011DHS","Congo"
"4",0.184870889679396,"CG2011DHS","Congo"
"5",0.167355244208707,"CG2011DHS","Congo"
"6",0.100662747784632,"CG2011DHS","Congo"
"7",0.0813318182301979,"CG2011DHS","Congo"
"1",0.0646084139112811,"CG2005DHS","Congo"
"2",0.209974217105879,"CG2005DHS","Congo"
"3",0.213107273782843,"CG2005DHS","Congo"
"4",0.184968089328013,"CG2005DHS","Congo"
"5",0.152228403533536,"CG2005DHS","Congo"
"6",0.100207484788439,"CG2005DHS","Congo"
"7",0.0749061175500091,"CG2005DHS","Congo"
"1",0.0713716616918814,"CD2013DHS","Congo Democratic Republic"
"2",0.184439459931291,"CD2013DHS","Congo Democratic Republic"
"3",0.232882407352946,"CD2013DHS","Congo Democratic Republic"
"4",0.18242931837631,"CD2013DHS","Congo Democratic Republic"
"5",0.150450136687348,"CD2013DHS","Congo Democratic Republic"
"6",0.103533575946153,"CD2013DHS","Congo Democratic Republic"
"7",0.0748934400140712,"CD2013DHS","Congo Democratic Republic"
"1",0.0690006511896845,"CD2007DHS","Congo Democratic Republic"
"2",0.224049548827787,"CD2007DHS","Congo Democratic Republic"
"3",0.200825854598008,"CD2007DHS","Congo Democratic Republic"
"4",0.175134533369179,"CD2007DHS","Congo Democratic Republic"
"5",0.134648212123073,"CD2007DHS","Congo Democratic Republic"
"6",0.110791528542252,"CD2007DHS","Congo Democratic Republic"
"7",0.0855496713500166,"CD2007DHS","Congo Democratic Republic"
"1",0.0663327855428426,"CI2012DHS","Cote d'Ivoire"
"2",0.173350361264107,"CI2012DHS","Cote d'Ivoire"
"3",0.21955175540466,"CI2012DHS","Cote d'Ivoire"
"4",0.191964919208163,"CI2012DHS","Cote d'Ivoire"
"5",0.151633295308434,"CI2012DHS","Cote d'Ivoire"
"6",0.112764989709028,"CI2012DHS","Cote d'Ivoire"
"7",0.0844018935627651,"CI2012DHS","Cote d'Ivoire"
"1",0.099606346642229,"CI1998DHS","Cote d'Ivoire"
"2",0.187082572306826,"CI1998DHS","Cote d'Ivoire"
"3",0.197367430253798,"CI1998DHS","Cote d'Ivoire"
"4",0.181790723617099,"CI1998DHS","Cote d'Ivoire"
"5",0.155405011138133,"CI1998DHS","Cote d'Ivoire"
"6",0.101021111548861,"CI1998DHS","Cote d'Ivoire"
"7",0.0777268044930557,"CI1998DHS","Cote d'Ivoire"
"1",0.0981181738238293,"CI1994DHS","Cote d'Ivoire"
"2",0.191330400576533,"CI1994DHS","Cote d'Ivoire"
"3",0.223445419608085,"CI1994DHS","Cote d'Ivoire"
"4",0.188464769515982,"CI1994DHS","Cote d'Ivoire"
"5",0.128275910874619,"CI1994DHS","Cote d'Ivoire"
"6",0.0954089608211288,"CI1994DHS","Cote d'Ivoire"
"7",0.0749563647798239,"CI1994DHS","Cote d'Ivoire"
"1",0.073684913047733,"DR2013DHS","Dominican Republic"
"2",0.156016771815047,"DR2013DHS","Dominican Republic"
"3",0.166428207926415,"DR2013DHS","Dominican Republic"
"4",0.177361638690821,"DR2013DHS","Dominican Republic"
"5",0.157912490102621,"DR2013DHS","Dominican Republic"
"6",0.143115727958221,"DR2013DHS","Dominican Republic"
"7",0.125480250459142,"DR2013DHS","Dominican Republic"
"1",0.0681211089628859,"DR2007DHS","Dominican Republic"
"2",0.14001286449498,"DR2007DHS","Dominican Republic"
"3",0.167840762849613,"DR2007DHS","Dominican Republic"
"4",0.182367607226503,"DR2007DHS","Dominican Republic"
"5",0.175023736230722,"DR2007DHS","Dominican Republic"
"6",0.148587720031635,"DR2007DHS","Dominican Republic"
"7",0.118046200203662,"DR2007DHS","Dominican Republic"
"1",0.0726796908676949,"DR2002DHS","Dominican Republic"
"2",0.154201595222369,"DR2002DHS","Dominican Republic"
"3",0.178333824096682,"DR2002DHS","Dominican Republic"
"4",0.182382736233543,"DR2002DHS","Dominican Republic"
"5",0.172106413630582,"DR2002DHS","Dominican Republic"
"6",0.130863459416296,"DR2002DHS","Dominican Republic"
"7",0.109432280532834,"DR2002DHS","Dominican Republic"
"1",0.0631390352221341,"DR1999DHS","Dominican Republic"
"2",0.162795098035684,"DR1999DHS","Dominican Republic"
"3",0.214827368371248,"DR1999DHS","Dominican Republic"
"4",0.203820137066588,"DR1999DHS","Dominican Republic"
"5",0.131983156448444,"DR1999DHS","Dominican Republic"
"6",0.129437883104278,"DR1999DHS","Dominican Republic"
"7",0.0939973217516245,"DR1999DHS","Dominican Republic"
"1",0.0810999969113286,"DR1996DHS","Dominican Republic"
"2",0.165854646721516,"DR1996DHS","Dominican Republic"
"3",0.198585118957701,"DR1996DHS","Dominican Republic"
"4",0.193450278982891,"DR1996DHS","Dominican Republic"
"5",0.150915452707413,"DR1996DHS","Dominican Republic"
"6",0.124989600369067,"DR1996DHS","Dominican Republic"
"7",0.0851049053500826,"DR1996DHS","Dominican Republic"
"1",0.0741041604597792,"DR1991DHS","Dominican Republic"
"2",0.169029766740183,"DR1991DHS","Dominican Republic"
"3",0.214623003093872,"DR1991DHS","Dominican Republic"
"4",0.203027058020668,"DR1991DHS","Dominican Republic"
"5",0.156820992004389,"DR1991DHS","Dominican Republic"
"6",0.103826098487883,"DR1991DHS","Dominican Republic"
"7",0.0785689211932251,"DR1991DHS","Dominican Republic"
"1",0.0792482747997339,"DR1986DHS","Dominican Republic"
"2",0.197330655895552,"DR1986DHS","Dominican Republic"
"3",0.202618674226073,"DR1986DHS","Dominican Republic"
"4",0.183806870970319,"DR1986DHS","Dominican Republic"
"5",0.145407427008288,"DR1986DHS","Dominican Republic"
"6",0.104911660422334,"DR1986DHS","Dominican Republic"
"7",0.0866764366776998,"DR1986DHS","Dominican Republic"
"1",0.0612106865065945,"EC1987DHS","Ecuador"
"2",0.170443016570849,"EC1987DHS","Ecuador"
"3",0.224890091308759,"EC1987DHS","Ecuador"
"4",0.191748393642205,"EC1987DHS","Ecuador"
"5",0.161312140683125,"EC1987DHS","Ecuador"
"6",0.111937774771728,"EC1987DHS","Ecuador"
"7",0.0784578965167399,"EC1987DHS","Ecuador"
"1",0.0364481724297901,"EG2014DHS","Egypt"
"2",0.145662710103565,"EG2014DHS","Egypt"
"3",0.225304094058647,"EG2014DHS","Egypt"
"4",0.194563013091615,"EG2014DHS","Egypt"
"5",0.160430981495493,"EG2014DHS","Egypt"
"6",0.126039575334998,"EG2014DHS","Egypt"
"7",0.111551453485893,"EG2014DHS","Egypt"
"1",0.0393055456766665,"EG2008DHS","Egypt"
"2",0.164157712840396,"EG2008DHS","Egypt"
"3",0.212018815103929,"EG2008DHS","Egypt"
"4",0.165694516794685,"EG2008DHS","Egypt"
"5",0.15626273088831,"EG2008DHS","Egypt"
"6",0.142105851286136,"EG2008DHS","Egypt"
"7",0.120454827409877,"EG2008DHS","Egypt"
"1",0.0435598114371892,"EG2005DHS","Egypt"
"2",0.15931878052448,"EG2005DHS","Egypt"
"3",0.200859716397603,"EG2005DHS","Egypt"
"4",0.169199799488577,"EG2005DHS","Egypt"
"5",0.165475117344326,"EG2005DHS","Egypt"
"6",0.138822168710044,"EG2005DHS","Egypt"
"7",0.12276460609778,"EG2005DHS","Egypt"
"1",0.0416388126620708,"EG2000DHS","Egypt"
"2",0.152033020520379,"EG2000DHS","Egypt"
"3",0.193020953941546,"EG2000DHS","Egypt"
"4",0.178563940794284,"EG2000DHS","Egypt"
"5",0.171863964116911,"EG2000DHS","Egypt"
"6",0.133546183698871,"EG2000DHS","Egypt"
"7",0.129333124265938,"EG2000DHS","Egypt"
"1",0.0483613702017364,"EG1995DHS","Egypt"
"2",0.15194911939245,"EG1995DHS","Egypt"
"3",0.195248595882967,"EG1995DHS","Egypt"
"4",0.179851006381809,"EG1995DHS","Egypt"
"5",0.174431730649963,"EG1995DHS","Egypt"
"6",0.132463777012488,"EG1995DHS","Egypt"
"7",0.117694400478586,"EG1995DHS","Egypt"
"1",0.0453363534932334,"EG1992DHS","Egypt"
"2",0.144618438644425,"EG1992DHS","Egypt"
"3",0.213642953718059,"EG1992DHS","Egypt"
"4",0.190467299897923,"EG1992DHS","Egypt"
"5",0.172844057126225,"EG1992DHS","Egypt"
"6",0.134498311956409,"EG1992DHS","Egypt"
"7",0.0985925851637259,"EG1992DHS","Egypt"
"1",0.0506073538380636,"EG1988DHS","Egypt"
"2",0.166507597036533,"EG1988DHS","Egypt"
"3",0.195461987178649,"EG1988DHS","Egypt"
"4",0.179133079023313,"EG1988DHS","Egypt"
"5",0.178775277878716,"EG1988DHS","Egypt"
"6",0.126793874235163,"EG1988DHS","Egypt"
"7",0.102720830809562,"EG1988DHS","Egypt"
"1",0.0935337972156145,"ES1985DHS","El Salvador"
"2",0.194926355918292,"ES1985DHS","El Salvador"
"3",0.204703475184374,"ES1985DHS","El Salvador"
"4",0.172987969084217,"ES1985DHS","El Salvador"
"5",0.137320168360568,"ES1985DHS","El Salvador"
"6",0.106764457448,"ES1985DHS","El Salvador"
"7",0.0897637767889344,"ES1985DHS","El Salvador"
"1",0.057492855979086,"ET2016DHS","Ethiopia"
"2",0.167240093806033,"ET2016DHS","Ethiopia"
"3",0.234993732738524,"ET2016DHS","Ethiopia"
"4",0.200390810552837,"ET2016DHS","Ethiopia"
"5",0.157746735050857,"ET2016DHS","Ethiopia"
"6",0.104036415195443,"ET2016DHS","Ethiopia"
"7",0.07809935667722,"ET2016DHS","Ethiopia"
"1",0.0743573501663824,"ET2011DHS","Ethiopia"
"2",0.171258476804659,"ET2011DHS","Ethiopia"
"3",0.244099253035248,"ET2011DHS","Ethiopia"
"4",0.167201559695821,"ET2011DHS","Ethiopia"
"5",0.154678611822869,"ET2011DHS","Ethiopia"
"6",0.100400431690222,"ET2011DHS","Ethiopia"
"7",0.088004316784798,"ET2011DHS","Ethiopia"
"1",0.0783949696774238,"ET2005DHS","Ethiopia"
"2",0.173576285938852,"ET2005DHS","Ethiopia"
"3",0.227835611401544,"ET2005DHS","Ethiopia"
"4",0.171100343632232,"ET2005DHS","Ethiopia"
"5",0.148139568848252,"ET2005DHS","Ethiopia"
"6",0.105850507208033,"ET2005DHS","Ethiopia"
"7",0.0951027132936633,"ET2005DHS","Ethiopia"
"1",0.0880648856719164,"ET2000DHS","Ethiopia"
"2",0.184545441661413,"ET2000DHS","Ethiopia"
"3",0.209473666782578,"ET2000DHS","Ethiopia"
"4",0.160629848656057,"ET2000DHS","Ethiopia"
"5",0.147169430374303,"ET2000DHS","Ethiopia"
"6",0.111974569388489,"ET2000DHS","Ethiopia"
"7",0.0981421574652434,"ET2000DHS","Ethiopia"
"1",0.0539154283853292,"GA2012DHS","Gabon"
"2",0.158951251974199,"GA2012DHS","Gabon"
"3",0.217798093954407,"GA2012DHS","Gabon"
"4",0.19100793461052,"GA2012DHS","Gabon"
"5",0.172358347895854,"GA2012DHS","Gabon"
"6",0.12260807511217,"GA2012DHS","Gabon"
"7",0.0833608680675198,"GA2012DHS","Gabon"
"1",0.0858638312287305,"GA2000DHS","Gabon"
"2",0.1980084506608,"GA2000DHS","Gabon"
"3",0.191782150679189,"GA2000DHS","Gabon"
"4",0.192804280487238,"GA2000DHS","Gabon"
"5",0.148896149167449,"GA2000DHS","Gabon"
"6",0.106725209046882,"GA2000DHS","Gabon"
"7",0.0759199287297119,"GA2000DHS","Gabon"
"1",0.0660479104493098,"GM2019DHS","Gambia"
"2",0.148114488860614,"GM2019DHS","Gambia"
"3",0.232330752783169,"GM2019DHS","Gambia"
"4",0.183460110137725,"GM2019DHS","Gambia"
"5",0.169113907015952,"GM2019DHS","Gambia"
"6",0.118098711393039,"GM2019DHS","Gambia"
"7",0.0828341193601913,"GM2019DHS","Gambia"
"1",0.0843568782885025,"GM2013DHS","Gambia"
"2",0.182093371178163,"GM2013DHS","Gambia"
"3",0.225007667882496,"GM2013DHS","Gambia"
"4",0.194230866415592,"GM2013DHS","Gambia"
"5",0.142247599545192,"GM2013DHS","Gambia"
"6",0.0990670676700923,"GM2013DHS","Gambia"
"7",0.0729965490199626,"GM2013DHS","Gambia"
"1",0.0195655196961397,"GH2014DHS","Ghana"
"2",0.113894605370432,"GH2014DHS","Ghana"
"3",0.199530180757111,"GH2014DHS","Ghana"
"4",0.202601818793525,"GH2014DHS","Ghana"
"5",0.195386638504111,"GH2014DHS","Ghana"
"6",0.154275889399044,"GH2014DHS","Ghana"
"7",0.114745347479638,"GH2014DHS","Ghana"
"1",0.0295587624383275,"GH2008DHS","Ghana"
"2",0.144060306722234,"GH2008DHS","Ghana"
"3",0.212868836832178,"GH2008DHS","Ghana"
"4",0.187464227444503,"GH2008DHS","Ghana"
"5",0.183195547841221,"GH2008DHS","Ghana"
"6",0.131986302974058,"GH2008DHS","Ghana"
"7",0.110866015747479,"GH2008DHS","Ghana"
"1",0.0386542194090044,"GH2003DHS","Ghana"
"2",0.149334258125053,"GH2003DHS","Ghana"
"3",0.208276195910205,"GH2003DHS","Ghana"
"4",0.18895552777653,"GH2003DHS","Ghana"
"5",0.175080030019047,"GH2003DHS","Ghana"
"6",0.133347275131232,"GH2003DHS","Ghana"
"7",0.106352493628928,"GH2003DHS","Ghana"
"1",0.0389809862228435,"GH1998DHS","Ghana"
"2",0.176422414923203,"GH1998DHS","Ghana"
"3",0.215252229799164,"GH1998DHS","Ghana"
"4",0.175830895380003,"GH1998DHS","Ghana"
"5",0.167055347688344,"GH1998DHS","Ghana"
"6",0.128354258699019,"GH1998DHS","Ghana"
"7",0.098103867287423,"GH1998DHS","Ghana"
"1",0.0502496878901373,"GH1993DHS","Ghana"
"2",0.171660424469413,"GH1993DHS","Ghana"
"3",0.218476903870162,"GH1993DHS","Ghana"
"4",0.205680399500624,"GH1993DHS","Ghana"
"5",0.155118601747815,"GH1993DHS","Ghana"
"6",0.111423220973783,"GH1993DHS","Ghana"
"7",0.0873907615480649,"GH1993DHS","Ghana"
"1",0.0551330798479087,"GH1988DHS","Ghana"
"2",0.187896070975919,"GH1988DHS","Ghana"
"3",0.238276299112801,"GH1988DHS","Ghana"
"4",0.180291508238276,"GH1988DHS","Ghana"
"5",0.149873257287706,"GH1988DHS","Ghana"
"6",0.0982256020278834,"GH1988DHS","Ghana"
"7",0.0903041825095057,"GH1988DHS","Ghana"
"1",0.0763570006900485,"GU2015DHS","Guatemala"
"2",0.167367813808868,"GU2015DHS","Guatemala"
"3",0.181954997768582,"GU2015DHS","Guatemala"
"4",0.186586073694626,"GU2015DHS","Guatemala"
"5",0.156491790654629,"GU2015DHS","Guatemala"
"6",0.125272724113901,"GU2015DHS","Guatemala"
"7",0.105969599269346,"GU2015DHS","Guatemala"
"1",0.0779248550918086,"GU1995DHS","Guatemala"
"2",0.177897194252607,"GU1995DHS","Guatemala"
"3",0.175075737574145,"GU1995DHS","Guatemala"
"4",0.176776736873904,"GU1995DHS","Guatemala"
"5",0.162310883456794,"GU1995DHS","Guatemala"
"6",0.131634053298984,"GU1995DHS","Guatemala"
"7",0.0983805394517575,"GU1995DHS","Guatemala"
"1",0.0826177080248741,"GU1987DHS","Guatemala"
"2",0.190997927154279,"GU1987DHS","Guatemala"
"3",0.231270358306189,"GU1987DHS","Guatemala"
"4",0.199881551673083,"GU1987DHS","Guatemala"
"5",0.175303523837726,"GU1987DHS","Guatemala"
"6",0.11992893100385,"GU1987DHS","Guatemala"
"1",0.0948518447345331,"GN2018DHS","Guinea"
"2",0.150543779373424,"GN2018DHS","Guinea"
"3",0.21330918560394,"GN2018DHS","Guinea"
"4",0.168606723686325,"GN2018DHS","Guinea"
"5",0.156189094966345,"GN2018DHS","Guinea"
"6",0.112119538258886,"GN2018DHS","Guinea"
"7",0.104379833376548,"GN2018DHS","Guinea"
"1",0.100142578118233,"GN2012DHS","Guinea"
"2",0.164512246341423,"GN2012DHS","Guinea"
"3",0.201252278751426,"GN2012DHS","Guinea"
"4",0.160931376506839,"GN2012DHS","Guinea"
"5",0.154478373106915,"GN2012DHS","Guinea"
"6",0.119813482997171,"GN2012DHS","Guinea"
"7",0.0988696641779936,"GN2012DHS","Guinea"
"1",0.0932221481697024,"GN2005DHS","Guinea"
"2",0.141069840595274,"GN2005DHS","Guinea"
"3",0.186697910521463,"GN2005DHS","Guinea"
"4",0.168746493468951,"GN2005DHS","Guinea"
"5",0.176839411889713,"GN2005DHS","Guinea"
"6",0.119521513373847,"GN2005DHS","Guinea"
"7",0.11390268198105,"GN2005DHS","Guinea"
"1",0.104213883653632,"GN1999DHS","Guinea"
"2",0.158081538615607,"GN1999DHS","Guinea"
"3",0.208685721136225,"GN1999DHS","Guinea"
"4",0.167249949652389,"GN1999DHS","Guinea"
"5",0.161700891016608,"GN1999DHS","Guinea"
"6",0.105495189715627,"GN1999DHS","Guinea"
"7",0.0945728262099112,"GN1999DHS","Guinea"
"1",0.0567209793530046,"GY2009DHS","Guyana"
"2",0.136452574408028,"GY2009DHS","Guyana"
"3",0.15684997446527,"GY2009DHS","Guyana"
"4",0.16847024149342,"GY2009DHS","Guyana"
"5",0.177146632846094,"GY2009DHS","Guyana"
"6",0.157561716056649,"GY2009DHS","Guyana"
"7",0.146797881377535,"GY2009DHS","Guyana"
"1",0.0294632850844988,"HT2016DHS","Haiti"
"2",0.144974595919902,"HT2016DHS","Haiti"
"3",0.188699961127095,"HT2016DHS","Haiti"
"4",0.203738351356168,"HT2016DHS","Haiti"
"5",0.17857586039667,"HT2016DHS","Haiti"
"6",0.137369377110992,"HT2016DHS","Haiti"
"7",0.117178569004674,"HT2016DHS","Haiti"
"1",0.051769158451687,"HT2012DHS","Haiti"
"2",0.160109125848189,"HT2012DHS","Haiti"
"3",0.207421314897887,"HT2012DHS","Haiti"
"4",0.188499316035644,"HT2012DHS","Haiti"
"5",0.157322699379981,"HT2012DHS","Haiti"
"6",0.123851610960654,"HT2012DHS","Haiti"
"7",0.111026774425958,"HT2012DHS","Haiti"
"1",0.0708891131423316,"HT2006DHS","Haiti"
"2",0.170131567382566,"HT2006DHS","Haiti"
"3",0.20976033395825,"HT2006DHS","Haiti"
"4",0.159345393685961,"HT2006DHS","Haiti"
"5",0.158329763800986,"HT2006DHS","Haiti"
"6",0.115824489672156,"HT2006DHS","Haiti"
"7",0.11571933835775,"HT2006DHS","Haiti"
"1",0.063145288836227,"HT2000DHS","Haiti"
"2",0.160602128271635,"HT2000DHS","Haiti"
"3",0.194074468487133,"HT2000DHS","Haiti"
"4",0.174899771704033,"HT2000DHS","Haiti"
"5",0.161839611739289,"HT2000DHS","Haiti"
"6",0.128830102519057,"HT2000DHS","Haiti"
"7",0.116608628442626,"HT2000DHS","Haiti"
"1",0.0616946127713515,"HT1994DHS","Haiti"
"2",0.173817795339447,"HT1994DHS","Haiti"
"3",0.197246168222263,"HT1994DHS","Haiti"
"4",0.18535286180687,"HT1994DHS","Haiti"
"5",0.171823185563744,"HT1994DHS","Haiti"
"6",0.116520178748311,"HT1994DHS","Haiti"
"7",0.0935451975480143,"HT1994DHS","Haiti"
"1",0.0890853109874368,"HN2011DHS","Honduras"
"2",0.162766563163968,"HN2011DHS","Honduras"
"3",0.191586000585872,"HN2011DHS","Honduras"
"4",0.177563132630989,"HN2011DHS","Honduras"
"5",0.155155642759432,"HN2011DHS","Honduras"
"6",0.124011698196335,"HN2011DHS","Honduras"
"7",0.0998316516759677,"HN2011DHS","Honduras"
"1",0.0787156643189343,"HN2005DHS","Honduras"
"2",0.17479499365749,"HN2005DHS","Honduras"
"3",0.206646548130242,"HN2005DHS","Honduras"
"4",0.177487798179659,"HN2005DHS","Honduras"
"5",0.14634459668677,"HN2005DHS","Honduras"
"6",0.120784405034914,"HN2005DHS","Honduras"
"7",0.0952259939919909,"HN2005DHS","Honduras"
"1",0.0361636575003634,"IA2015DHS","India"
"2",0.156977628638602,"IA2015DHS","India"
"3",0.200838899062513,"IA2015DHS","India"
"4",0.177759003220799,"IA2015DHS","India"
"5",0.164624704658052,"IA2015DHS","India"
"6",0.137272924695011,"IA2015DHS","India"
"7",0.12636318222466,"IA2015DHS","India"
"1",0.0722583869900774,"IA2006DHS","India"
"2",0.180275296089607,"IA2006DHS","India"
"3",0.199167682660498,"IA2006DHS","India"
"4",0.176813838669708,"IA2006DHS","India"
"5",0.155679983911824,"IA2006DHS","India"
"6",0.12466134273075,"IA2006DHS","India"
"7",0.0911434689475352,"IA2006DHS","India"
"1",0.0957246888784343,"IA1999DHS","India"
"2",0.19038673960431,"IA1999DHS","India"
"3",0.203913851635646,"IA1999DHS","India"
"4",0.1708617932175,"IA1999DHS","India"
"5",0.144102566523859,"IA1999DHS","India"
"6",0.111986192238628,"IA1999DHS","India"
"7",0.083024167901622,"IA1999DHS","India"
"1",0.105508435211816,"IA1993DHS","India"
"2",0.207411222740278,"IA1993DHS","India"
"3",0.199198506920773,"IA1993DHS","India"
"4",0.164958869809627,"IA1993DHS","India"
"5",0.137533914595855,"IA1993DHS","India"
"6",0.10351852465079,"IA1993DHS","India"
"7",0.0818705260708618,"IA1993DHS","India"
"1",0.0196156820328082,"ID2017DHS","Indonesia"
"2",0.0929595374740321,"ID2017DHS","Indonesia"
"3",0.155012953980918,"ID2017DHS","Indonesia"
"4",0.184631083859506,"ID2017DHS","Indonesia"
"5",0.203434104916073,"ID2017DHS","Indonesia"
"6",0.180165277578426,"ID2017DHS","Indonesia"
"7",0.164181360158236,"ID2017DHS","Indonesia"
"1",0.0265965678182846,"ID2012DHS","Indonesia"
"2",0.112179923889045,"ID2012DHS","Indonesia"
"3",0.17928455365172,"ID2012DHS","Indonesia"
"4",0.187805032274693,"ID2012DHS","Indonesia"
"5",0.189195669718337,"ID2012DHS","Indonesia"
"6",0.166510063441394,"ID2012DHS","Indonesia"
"7",0.138428189206526,"ID2012DHS","Indonesia"
"1",0.0263108669938186,"ID2007DHS","Indonesia"
"2",0.127765044144418,"ID2007DHS","Indonesia"
"3",0.180565607752116,"ID2007DHS","Indonesia"
"4",0.18639118050284,"ID2007DHS","Indonesia"
"5",0.184416512644612,"ID2007DHS","Indonesia"
"6",0.15839831763762,"ID2007DHS","Indonesia"
"7",0.136152470324576,"ID2007DHS","Indonesia"
"1",0.0327276405314046,"ID2003DHS","Indonesia"
"2",0.13499345690851,"ID2003DHS","Indonesia"
"3",0.187282180023037,"ID2003DHS","Indonesia"
"4",0.184869079883006,"ID2003DHS","Indonesia"
"5",0.177815818734592,"ID2003DHS","Indonesia"
"6",0.15415282090812,"ID2003DHS","Indonesia"
"7",0.12815900301133,"ID2003DHS","Indonesia"
"1",0.0463548790770007,"ID1997DHS","Indonesia"
"2",0.145112911906417,"ID1997DHS","Indonesia"
"3",0.195267682677203,"ID1997DHS","Indonesia"
"4",0.191672261302931,"ID1997DHS","Indonesia"
"5",0.181361233910032,"ID1997DHS","Indonesia"
"6",0.134095744448739,"ID1997DHS","Indonesia"
"7",0.106135286677677,"ID1997DHS","Indonesia"
"1",0.0492947813346625,"ID1994DHS","Indonesia"
"2",0.150296772763108,"ID1994DHS","Indonesia"
"3",0.199881496223674,"ID1994DHS","Indonesia"
"4",0.205711870420314,"ID1994DHS","Indonesia"
"5",0.171208928675151,"ID1994DHS","Indonesia"
"6",0.124554760151563,"ID1994DHS","Indonesia"
"7",0.0990513904315282,"ID1994DHS","Indonesia"
"1",0.0545594903666623,"ID1991DHS","Indonesia"
"2",0.160483944229798,"ID1991DHS","Indonesia"
"3",0.216505988572298,"ID1991DHS","Indonesia"
"4",0.189514600241065,"ID1991DHS","Indonesia"
"5",0.160411722845384,"ID1991DHS","Indonesia"
"6",0.10888721938601,"ID1991DHS","Indonesia"
"7",0.109637034358784,"ID1991DHS","Indonesia"
"1",0.0549728404671907,"ID1987DHS","Indonesia"
"2",0.173119583153101,"ID1987DHS","Indonesia"
"3",0.220636155951203,"ID1987DHS","Indonesia"
"4",0.181478985696772,"ID1987DHS","Indonesia"
"5",0.141514676837911,"ID1987DHS","Indonesia"
"6",0.116466271921069,"ID1987DHS","Indonesia"
"7",0.111811485972753,"ID1987DHS","Indonesia"
"1",0.0261372801401695,"JO2017DHS","Jordan"
"2",0.10698813073416,"JO2017DHS","Jordan"
"3",0.170607982379748,"JO2017DHS","Jordan"
"4",0.188647004822784,"JO2017DHS","Jordan"
"5",0.179354476849769,"JO2017DHS","Jordan"
"6",0.169344720539687,"JO2017DHS","Jordan"
"7",0.158920404533683,"JO2017DHS","Jordan"
"1",0.02441597401361,"JO2012DHS","Jordan"
"2",0.108450490393344,"JO2012DHS","Jordan"
"3",0.179186866654269,"JO2012DHS","Jordan"
"4",0.190292114849325,"JO2012DHS","Jordan"
"5",0.186242456741152,"JO2012DHS","Jordan"
"6",0.180016867439252,"JO2012DHS","Jordan"
"7",0.131395229909049,"JO2012DHS","Jordan"
"1",0.0225379103605347,"JO2007DHS","Jordan"
"2",0.119074432411412,"JO2007DHS","Jordan"
"3",0.186563924025885,"JO2007DHS","Jordan"
"4",0.205453327442455,"JO2007DHS","Jordan"
"5",0.190027401173405,"JO2007DHS","Jordan"
"6",0.16865392097103,"JO2007DHS","Jordan"
"7",0.107689083615276,"JO2007DHS","Jordan"
"1",0.0269113954300158,"JO2002DHS","Jordan"
"2",0.124499141224968,"JO2002DHS","Jordan"
"3",0.199123212678677,"JO2002DHS","Jordan"
"4",0.230342696783435,"JO2002DHS","Jordan"
"5",0.18117258734678,"JO2002DHS","Jordan"
"6",0.137134468004698,"JO2002DHS","Jordan"
"7",0.100816498531426,"JO2002DHS","Jordan"
"1",0.0380037804298082,"JO1997DHS","Jordan"
"2",0.145536192622476,"JO1997DHS","Jordan"
"3",0.218874910340025,"JO1997DHS","Jordan"
"4",0.205921038814287,"JO1997DHS","Jordan"
"5",0.164846577792724,"JO1997DHS","Jordan"
"6",0.129324001054405,"JO1997DHS","Jordan"
"7",0.0974934989462743,"JO1997DHS","Jordan"
"1",0.0572644345552411,"JO1990DHS","Jordan"
"2",0.171289525574919,"JO1990DHS","Jordan"
"3",0.205533069907356,"JO1990DHS","Jordan"
"4",0.178080543435362,"JO1990DHS","Jordan"
"5",0.146713270448848,"JO1990DHS","Jordan"
"6",0.130908822603041,"JO1990DHS","Jordan"
"7",0.110210333475234,"JO1990DHS","Jordan"
"1",0.0209645578255883,"KK1999DHS","Kazakhstan"
"2",0.116824939759824,"KK1999DHS","Kazakhstan"
"3",0.167798976535019,"KK1999DHS","Kazakhstan"
"4",0.180812839642041,"KK1999DHS","Kazakhstan"
"5",0.204574279680025,"KK1999DHS","Kazakhstan"
"6",0.18159121570564,"KK1999DHS","Kazakhstan"
"7",0.127433190851863,"KK1999DHS","Kazakhstan"
"1",0.032076754434579,"KK1995DHS","Kazakhstan"
"2",0.138600492592514,"KK1995DHS","Kazakhstan"
"3",0.169502197739222,"KK1995DHS","Kazakhstan"
"4",0.182531251117508,"KK1995DHS","Kazakhstan"
"5",0.192160567453121,"KK1995DHS","Kazakhstan"
"6",0.178215892154429,"KK1995DHS","Kazakhstan"
"7",0.106912844508627,"KK1995DHS","Kazakhstan"
"1",0.0374446710480021,"KE2014DHS","Kenya"
"2",0.168878491644735,"KE2014DHS","Kenya"
"3",0.24561633342236,"KE2014DHS","Kenya"
"4",0.192226205549019,"KE2014DHS","Kenya"
"5",0.156028928326932,"KE2014DHS","Kenya"
"6",0.112714906186862,"KE2014DHS","Kenya"
"7",0.0870904638220904,"KE2014DHS","Kenya"
"1",0.0429730409543812,"KE2008DHS","Kenya"
"2",0.194418686108852,"KE2008DHS","Kenya"
"3",0.220825858165451,"KE2008DHS","Kenya"
"4",0.195282211661361,"KE2008DHS","Kenya"
"5",0.140765405949009,"KE2008DHS","Kenya"
"6",0.111105372355827,"KE2008DHS","Kenya"
"7",0.0946294248051199,"KE2008DHS","Kenya"
"1",0.0676721382636004,"KE2003DHS","Kenya"
"2",0.196069193198481,"KE2003DHS","Kenya"
"3",0.214687699490562,"KE2003DHS","Kenya"
"4",0.177441911569939,"KE2003DHS","Kenya"
"5",0.140427211642789,"KE2003DHS","Kenya"
"6",0.124731337775786,"KE2003DHS","Kenya"
"7",0.0789705080588426,"KE2003DHS","Kenya"
"1",0.0590370626945122,"KE1998DHS","Kenya"
"2",0.196201972492811,"KE1998DHS","Kenya"
"3",0.221204150941057,"KE1998DHS","Kenya"
"4",0.17012316805529,"KE1998DHS","Kenya"
"5",0.172196923386527,"KE1998DHS","Kenya"
"6",0.105727498479988,"KE1998DHS","Kenya"
"7",0.0755092239498151,"KE1998DHS","Kenya"
"1",0.0562964696435069,"KE1993DHS","Kenya"
"2",0.202408980034433,"KE1993DHS","Kenya"
"3",0.216622852860825,"KE1993DHS","Kenya"
"4",0.198355203757602,"KE1993DHS","Kenya"
"5",0.139103675526737,"KE1993DHS","Kenya"
"6",0.112016172304622,"KE1993DHS","Kenya"
"7",0.0751966458722744,"KE1993DHS","Kenya"
"1",0.0579566240775266,"KE1989DHS","Kenya"
"2",0.173447267320798,"KE1989DHS","Kenya"
"3",0.231754913981086,"KE1989DHS","Kenya"
"4",0.174788677655874,"KE1989DHS","Kenya"
"5",0.163848362957408,"KE1989DHS","Kenya"
"6",0.120839749700776,"KE1989DHS","Kenya"
"7",0.0773644043065323,"KE1989DHS","Kenya"
"1",0.0300034737553397,"KY2012DHS","Kyrgyz Republic"
"2",0.170433268394959,"KY2012DHS","Kyrgyz Republic"
"3",0.20193949874401,"KY2012DHS","Kyrgyz Republic"
"4",0.164909908909849,"KY2012DHS","Kyrgyz Republic"
"5",0.152315633725266,"KY2012DHS","Kyrgyz Republic"
"6",0.144220055421548,"KY2012DHS","Kyrgyz Republic"
"7",0.136178161049028,"KY2012DHS","Kyrgyz Republic"
"1",0.0340783153756775,"KY1997DHS","Kyrgyz Republic"
"2",0.171968431194378,"KY1997DHS","Kyrgyz Republic"
"3",0.171245452947258,"KY1997DHS","Kyrgyz Republic"
"4",0.208396703166617,"KY1997DHS","Kyrgyz Republic"
"5",0.191046326185006,"KY1997DHS","Kyrgyz Republic"
"6",0.127680306285837,"KY1997DHS","Kyrgyz Republic"
"7",0.095584464845226,"KY1997DHS","Kyrgyz Republic"
"1",0.0706504994829383,"LS2014DHS","Lesotho"
"2",0.194075035803967,"LS2014DHS","Lesotho"
"3",0.209537305078377,"LS2014DHS","Lesotho"
"4",0.185097119209667,"LS2014DHS","Lesotho"
"5",0.150628778565085,"LS2014DHS","Lesotho"
"6",0.104259750992714,"LS2014DHS","Lesotho"
"7",0.0857515108672522,"LS2014DHS","Lesotho"
"1",0.0720330840240499,"LS2009DHS","Lesotho"
"2",0.212303441428984,"LS2009DHS","Lesotho"
"3",0.211582118370869,"LS2009DHS","Lesotho"
"4",0.173922356271864,"LS2009DHS","Lesotho"
"5",0.12892926365338,"LS2009DHS","Lesotho"
"6",0.105897525998251,"LS2009DHS","Lesotho"
"7",0.0953322102526024,"LS2009DHS","Lesotho"
"1",0.0788943363472039,"LS2004DHS","Lesotho"
"2",0.210163760129262,"LS2004DHS","Lesotho"
"3",0.188657439958957,"LS2004DHS","Lesotho"
"4",0.159782599174993,"LS2004DHS","Lesotho"
"5",0.13050305536636,"LS2004DHS","Lesotho"
"6",0.128768781042627,"LS2004DHS","Lesotho"
"7",0.103230027980596,"LS2004DHS","Lesotho"
"1",0.0484806469308414,"LB2019DHS","Liberia"
"2",0.148325770558619,"LB2019DHS","Liberia"
"3",0.186874028960648,"LB2019DHS","Liberia"
"4",0.194296677559709,"LB2019DHS","Liberia"
"5",0.186121187252046,"LB2019DHS","Liberia"
"6",0.129320314601281,"LB2019DHS","Liberia"
"7",0.106581374136856,"LB2019DHS","Liberia"
"1",0.0554476724303079,"LB2013DHS","Liberia"
"2",0.159996664316147,"LB2013DHS","Liberia"
"3",0.216924052679691,"LB2013DHS","Liberia"
"4",0.177688477913209,"LB2013DHS","Liberia"
"5",0.171578139030122,"LB2013DHS","Liberia"
"6",0.114867923730946,"LB2013DHS","Liberia"
"7",0.103497069899578,"LB2013DHS","Liberia"
"1",0.0553556386995633,"LB2007DHS","Liberia"
"2",0.162871237173332,"LB2007DHS","Liberia"
"3",0.186474604660716,"LB2007DHS","Liberia"
"4",0.17727740307388,"LB2007DHS","Liberia"
"5",0.178773315021477,"LB2007DHS","Liberia"
"6",0.119989782666414,"LB2007DHS","Liberia"
"7",0.119258018704618,"LB2007DHS","Liberia"
"1",0.101958557332334,"LB1986DHS","Liberia"
"2",0.190739112476523,"LB1986DHS","Liberia"
"3",0.242173366563597,"LB1986DHS","Liberia"
"4",0.152245934327843,"LB1986DHS","Liberia"
"5",0.15118756372201,"LB1986DHS","Liberia"
"6",0.0738717741214057,"LB1986DHS","Liberia"
"7",0.087823691456287,"LB1986DHS","Liberia"
"1",0.110633440583721,"MD2008DHS","Madagascar"
"2",0.170924635586739,"MD2008DHS","Madagascar"
"3",0.189787704229897,"MD2008DHS","Madagascar"
"4",0.173551287933791,"MD2008DHS","Madagascar"
"5",0.14649880352593,"MD2008DHS","Madagascar"
"6",0.115459423073567,"MD2008DHS","Madagascar"
"7",0.0931447050663556,"MD2008DHS","Madagascar"
"1",0.0809061443508192,"MD2004DHS","Madagascar"
"2",0.170187295291033,"MD2004DHS","Madagascar"
"3",0.200057379635557,"MD2004DHS","Madagascar"
"4",0.17610517799682,"MD2004DHS","Madagascar"
"5",0.147389420755532,"MD2004DHS","Madagascar"
"6",0.137743601321915,"MD2004DHS","Madagascar"
"7",0.0876109806483238,"MD2004DHS","Madagascar"
"1",0.0978224888212644,"MD1997DHS","Madagascar"
"2",0.185293505815209,"MD1997DHS","Madagascar"
"3",0.199835736092989,"MD1997DHS","Madagascar"
"4",0.181665534932974,"MD1997DHS","Madagascar"
"5",0.144059034555599,"MD1997DHS","Madagascar"
"6",0.114054119091251,"MD1997DHS","Madagascar"
"7",0.0772695806907134,"MD1997DHS","Madagascar"
"1",0.0812383670007432,"MD1992DHS","Madagascar"
"2",0.19152862645759,"MD1992DHS","Madagascar"
"3",0.204600530454836,"MD1992DHS","Madagascar"
"4",0.191670381869098,"MD1992DHS","Madagascar"
"5",0.156297758088777,"MD1992DHS","Madagascar"
"6",0.109097095824043,"MD1992DHS","Madagascar"
"7",0.0655672403049143,"MD1992DHS","Madagascar"
"1",0.0765452151943234,"MW2015DHS","Malawi"
"2",0.226470205900364,"MW2015DHS","Malawi"
"3",0.199370664437953,"MW2015DHS","Malawi"
"4",0.18534813623985,"MW2015DHS","Malawi"
"5",0.143894355482997,"MW2015DHS","Malawi"
"6",0.0964766780854587,"MW2015DHS","Malawi"
"7",0.0718947446590539,"MW2015DHS","Malawi"
"1",0.0753979950304613,"MW2010DHS","Malawi"
"2",0.22337910376325,"MW2010DHS","Malawi"
"3",0.23945092086109,"MW2010DHS","Malawi"
"4",0.169778578367834,"MW2010DHS","Malawi"
"5",0.131405260448034,"MW2010DHS","Malawi"
"6",0.0862201026302752,"MW2010DHS","Malawi"
"7",0.0743680388990551,"MW2010DHS","Malawi"
"1",0.0948123672978677,"MW2004DHS","Malawi"
"2",0.274684690243258,"MW2004DHS","Malawi"
"3",0.218286138181504,"MW2004DHS","Malawi"
"4",0.147383684825486,"MW2004DHS","Malawi"
"5",0.108588140707246,"MW2004DHS","Malawi"
"6",0.0906675390708072,"MW2004DHS","Malawi"
"7",0.0655774396738319,"MW2004DHS","Malawi"
"1",0.0987795439405233,"MW2000DHS","Malawi"
"2",0.245842675927992,"MW2000DHS","Malawi"
"3",0.222438514522483,"MW2000DHS","Malawi"
"4",0.138853630586627,"MW2000DHS","Malawi"
"5",0.126143768402348,"MW2000DHS","Malawi"
"6",0.0897572779144539,"MW2000DHS","Malawi"
"7",0.0781845887055717,"MW2000DHS","Malawi"
"1",0.111052085998532,"MW1992DHS","Malawi"
"2",0.212078590485054,"MW1992DHS","Malawi"
"3",0.188795401038034,"MW1992DHS","Malawi"
"4",0.167957448181992,"MW1992DHS","Malawi"
"5",0.130432903473956,"MW1992DHS","Malawi"
"6",0.116199487615426,"MW1992DHS","Malawi"
"7",0.0734840832070058,"MW1992DHS","Malawi"
"1",0.00793958156155072,"MV2016DHS","Maldives"
"2",0.116700820276077,"MV2016DHS","Maldives"
"3",0.217189345138025,"MV2016DHS","Maldives"
"4",0.224988254015659,"MV2016DHS","Maldives"
"5",0.173452809643116,"MV2016DHS","Maldives"
"6",0.142710871158394,"MV2016DHS","Maldives"
"7",0.117018318207179,"MV2016DHS","Maldives"
"1",0.0171054063089719,"MV2009DHS","Maldives"
"2",0.182836580443847,"MV2009DHS","Maldives"
"3",0.222491534334808,"MV2009DHS","Maldives"
"4",0.18352710215151,"MV2009DHS","Maldives"
"5",0.163826189299466,"MV2009DHS","Maldives"
"6",0.136025148468184,"MV2009DHS","Maldives"
"7",0.0941880389932128,"MV2009DHS","Maldives"
"1",0.103477125690017,"ML2018DHS","Mali"
"2",0.180494588454964,"ML2018DHS","Mali"
"3",0.219424563532414,"ML2018DHS","Mali"
"4",0.179111681489889,"ML2018DHS","Mali"
"5",0.152333391018966,"ML2018DHS","Mali"
"6",0.097614831501461,"ML2018DHS","Mali"
"7",0.0675438183122886,"ML2018DHS","Mali"
"1",0.0922292198507963,"ML2012DHS","Mali"
"2",0.176893252623143,"ML2012DHS","Mali"
"3",0.224661689637152,"ML2012DHS","Mali"
"4",0.184453633276819,"ML2012DHS","Mali"
"5",0.147640765827312,"ML2012DHS","Mali"
"6",0.0998300522080524,"ML2012DHS","Mali"
"7",0.0742913865767256,"ML2012DHS","Mali"
"1",0.126623887927757,"ML2006DHS","Mali"
"2",0.194250797826924,"ML2006DHS","Mali"
"3",0.202718318013373,"ML2006DHS","Mali"
"4",0.152903041658649,"ML2006DHS","Mali"
"5",0.132750042778959,"ML2006DHS","Mali"
"6",0.104535346299496,"ML2006DHS","Mali"
"7",0.0862185654948426,"ML2006DHS","Mali"
"1",0.109877811758854,"ML2001DHS","Mali"
"2",0.18529701262467,"ML2001DHS","Mali"
"3",0.19363105389104,"ML2001DHS","Mali"
"4",0.170978035246978,"ML2001DHS","Mali"
"5",0.146271890000404,"ML2001DHS","Mali"
"6",0.110930924041063,"ML2001DHS","Mali"
"7",0.083013272436992,"ML2001DHS","Mali"
"1",0.111273540297452,"ML1996DHS","Mali"
"2",0.165766284231691,"ML1996DHS","Mali"
"3",0.19465582712946,"ML1996DHS","Mali"
"4",0.177835162073389,"ML1996DHS","Mali"
"5",0.160117899295958,"ML1996DHS","Mali"
"6",0.10414982295641,"ML1996DHS","Mali"
"7",0.0862014640156395,"ML1996DHS","Mali"
"1",0.126819881859416,"ML1987DHS","Mali"
"2",0.17243989203249,"ML1987DHS","Mali"
"3",0.208198270028596,"ML1987DHS","Mali"
"4",0.169804856563152,"ML1987DHS","Mali"
"5",0.138119018957325,"ML1987DHS","Mali"
"6",0.100271766999248,"ML1987DHS","Mali"
"7",0.0843463135597738,"ML1987DHS","Mali"
"1",0.0714943677026267,"MX1987DHS","Mexico"
"2",0.164891800800843,"MX1987DHS","Mexico"
"3",0.215675878692394,"MX1987DHS","Mexico"
"4",0.188299483309187,"MX1987DHS","Mexico"
"5",0.148453586385846,"MX1987DHS","Mexico"
"6",0.119289632616721,"MX1987DHS","Mexico"
"7",0.091895250492383,"MX1987DHS","Mexico"
"1",0.0274920744649037,"MB2005DHS","Moldova"
"2",0.127502585031723,"MB2005DHS","Moldova"
"3",0.160745192804836,"MB2005DHS","Moldova"
"4",0.164147808002641,"MB2005DHS","Moldova"
"5",0.151205052912436,"MB2005DHS","Moldova"
"6",0.175937558245513,"MB2005DHS","Moldova"
"7",0.192969728537948,"MB2005DHS","Moldova"
"1",0.0393717323913182,"MA2003DHS","Morocco"
"2",0.124704538332627,"MA2003DHS","Morocco"
"3",0.160323765255563,"MA2003DHS","Morocco"
"4",0.173164920105449,"MA2003DHS","Morocco"
"5",0.177192283141014,"MA2003DHS","Morocco"
"6",0.172911994452583,"MA2003DHS","Morocco"
"7",0.152330766321446,"MA2003DHS","Morocco"
"1",0.0494333724110981,"MA1992DHS","Morocco"
"2",0.132278233685033,"MA1992DHS","Morocco"
"3",0.172528331379445,"MA1992DHS","Morocco"
"4",0.214536928487691,"MA1992DHS","Morocco"
"5",0.197147323173115,"MA1992DHS","Morocco"
"6",0.126025791324736,"MA1992DHS","Morocco"
"7",0.108050019538882,"MA1992DHS","Morocco"
"1",0.0506700936295208,"MA1987DHS","Morocco"
"2",0.144666789058197,"MA1987DHS","Morocco"
"3",0.217000183587296,"MA1987DHS","Morocco"
"4",0.195704057279236,"MA1987DHS","Morocco"
"5",0.157334312465577,"MA1987DHS","Morocco"
"6",0.114925647145218,"MA1987DHS","Morocco"
"7",0.119698916834955,"MA1987DHS","Morocco"
"1",0.141048646377564,"MZ2015AIS","Mozambique"
"2",0.205063804293763,"MZ2015AIS","Mozambique"
"3",0.1770697132523,"MZ2015AIS","Mozambique"
"4",0.141141348849196,"MZ2015AIS","Mozambique"
"5",0.146446976928793,"MZ2015AIS","Mozambique"
"6",0.10403650227733,"MZ2015AIS","Mozambique"
"7",0.0851930080210537,"MZ2015AIS","Mozambique"
"1",0.121761098901675,"MZ2011DHS","Mozambique"
"2",0.193319998664935,"MZ2011DHS","Mozambique"
"3",0.191637463584219,"MZ2011DHS","Mozambique"
"4",0.170830111024952,"MZ2011DHS","Mozambique"
"5",0.144522166896161,"MZ2011DHS","Mozambique"
"6",0.0969993328824419,"MZ2011DHS","Mozambique"
"7",0.0809298280456159,"MZ2011DHS","Mozambique"
"1",0.107192544870135,"MZ2003DHS","Mozambique"
"2",0.199968199955928,"MZ2003DHS","Mozambique"
"3",0.207392141265286,"MZ2003DHS","Mozambique"
"4",0.17117758436806,"MZ2003DHS","Mozambique"
"5",0.132536425078244,"MZ2003DHS","Mozambique"
"6",0.0998706885165354,"MZ2003DHS","Mozambique"
"7",0.0818624159458116,"MZ2003DHS","Mozambique"
"1",0.12640602528837,"MZ1997DHS","Mozambique"
"2",0.204830762552656,"MZ1997DHS","Mozambique"
"3",0.205436657280877,"MZ1997DHS","Mozambique"
"4",0.153250954900454,"MZ1997DHS","Mozambique"
"5",0.132792005072257,"MZ1997DHS","Mozambique"
"6",0.0920034248880606,"MZ1997DHS","Mozambique"
"7",0.0852801700173267,"MZ1997DHS","Mozambique"
"1",0.0293159626782145,"MM2016DHS","Myanmar"
"2",0.107428723676666,"MM2016DHS","Myanmar"
"3",0.162184583104155,"MM2016DHS","Myanmar"
"4",0.194025462179117,"MM2016DHS","Myanmar"
"5",0.191024571159301,"MM2016DHS","Myanmar"
"6",0.165303533505026,"MM2016DHS","Myanmar"
"7",0.150717163697521,"MM2016DHS","Myanmar"
"1",0.0329708364503091,"NM2013DHS","Namibia"
"2",0.11188017364468,"NM2013DHS","Namibia"
"3",0.17892975535659,"NM2013DHS","Namibia"
"4",0.203237968101702,"NM2013DHS","Namibia"
"5",0.190021750703821,"NM2013DHS","Namibia"
"6",0.159306411711826,"NM2013DHS","Namibia"
"7",0.123653104031072,"NM2013DHS","Namibia"
"1",0.0342198178929592,"NM2006DHS","Namibia"
"2",0.115460907559455,"NM2006DHS","Namibia"
"3",0.181206522011275,"NM2006DHS","Namibia"
"4",0.217671847885406,"NM2006DHS","Namibia"
"5",0.17729260061389,"NM2006DHS","Namibia"
"6",0.15131521735947,"NM2006DHS","Namibia"
"7",0.122833086677545,"NM2006DHS","Namibia"
"1",0.0284777378696249,"NM2000DHS","Namibia"
"2",0.12474128446933,"NM2000DHS","Namibia"
"3",0.175400986309148,"NM2000DHS","Namibia"
"4",0.220260894615735,"NM2000DHS","Namibia"
"5",0.180204518033411,"NM2000DHS","Namibia"
"6",0.155682960345208,"NM2000DHS","Namibia"
"7",0.115231618357544,"NM2000DHS","Namibia"
"1",0.0382457826460515,"NM1992DHS","Namibia"
"2",0.135958071146025,"NM1992DHS","Namibia"
"3",0.183257697498575,"NM1992DHS","Namibia"
"4",0.203055317528404,"NM1992DHS","Namibia"
"5",0.175797341542755,"NM1992DHS","Namibia"
"6",0.152687064093013,"NM1992DHS","Namibia"
"7",0.110998725545177,"NM1992DHS","Namibia"
"1",0.0713363299215774,"NP2016DHS","Nepal"
"2",0.170553575130333,"NP2016DHS","Nepal"
"3",0.198185878074625,"NP2016DHS","Nepal"
"4",0.174747521425896,"NP2016DHS","Nepal"
"5",0.152924220759018,"NP2016DHS","Nepal"
"6",0.129917103551645,"NP2016DHS","Nepal"
"7",0.102335371136906,"NP2016DHS","Nepal"
"1",0.0824216647218784,"NP2011DHS","Nepal"
"2",0.183285271814865,"NP2011DHS","Nepal"
"3",0.199202663464018,"NP2011DHS","Nepal"
"4",0.17264932762587,"NP2011DHS","Nepal"
"5",0.152024270827868,"NP2011DHS","Nepal"
"6",0.123817136300798,"NP2011DHS","Nepal"
"7",0.086599665244703,"NP2011DHS","Nepal"
"1",0.0949055905128202,"NP2006DHS","Nepal"
"2",0.194444399457183,"NP2006DHS","Nepal"
"3",0.201475677333829,"NP2006DHS","Nepal"
"4",0.153225418515143,"NP2006DHS","Nepal"
"5",0.137418697432867,"NP2006DHS","Nepal"
"6",0.123042183409076,"NP2006DHS","Nepal"
"7",0.0954880333390811,"NP2006DHS","Nepal"
"1",0.111504831000701,"NP2001DHS","Nepal"
"2",0.196941108723778,"NP2001DHS","Nepal"
"3",0.194805895977857,"NP2001DHS","Nepal"
"4",0.16507142667969,"NP2001DHS","Nepal"
"5",0.131718961233227,"NP2001DHS","Nepal"
"6",0.11223748383702,"NP2001DHS","Nepal"
"7",0.0877202925477272,"NP2001DHS","Nepal"
"1",0.120847952275805,"NP1996DHS","Nepal"
"2",0.200742251233991,"NP1996DHS","Nepal"
"3",0.195390136562194,"NP1996DHS","Nepal"
"4",0.161800288312186,"NP1996DHS","Nepal"
"5",0.130482132960782,"NP1996DHS","Nepal"
"6",0.103691591610228,"NP1996DHS","Nepal"
"7",0.0870456470448133,"NP1996DHS","Nepal"
"1",0.0944394932477577,"NC2001DHS","Nicaragua"
"2",0.179683761301398,"NC2001DHS","Nicaragua"
"3",0.182628047967779,"NC2001DHS","Nicaragua"
"4",0.17099310656667,"NC2001DHS","Nicaragua"
"5",0.159612148013706,"NC2001DHS","Nicaragua"
"6",0.1194981079481,"NC2001DHS","Nicaragua"
"7",0.0931453349545901,"NC2001DHS","Nicaragua"
"1",0.105354654310436,"NC1998DHS","Nicaragua"
"2",0.178052506939588,"NC1998DHS","Nicaragua"
"3",0.19472799399169,"NC1998DHS","Nicaragua"
"4",0.179328974153421,"NC1998DHS","Nicaragua"
"5",0.150118723187865,"NC1998DHS","Nicaragua"
"6",0.1150258799104,"NC1998DHS","Nicaragua"
"7",0.0773912675066002,"NC1998DHS","Nicaragua"
"1",0.112956071656917,"NI2012DHS","Niger"
"2",0.182543764209934,"NI2012DHS","Niger"
"3",0.218853875046866,"NI2012DHS","Niger"
"4",0.180640624483122,"NI2012DHS","Niger"
"5",0.140200372935186,"NI2012DHS","Niger"
"6",0.0929203923550445,"NI2012DHS","Niger"
"7",0.0718848993129309,"NI2012DHS","Niger"
"1",0.127647274213811,"NI2006DHS","Niger"
"2",0.179586724500314,"NI2006DHS","Niger"
"3",0.210253666523085,"NI2006DHS","Niger"
"4",0.161970660275109,"NI2006DHS","Niger"
"5",0.140993557035841,"NI2006DHS","Niger"
"6",0.104257389295518,"NI2006DHS","Niger"
"7",0.0752907281563222,"NI2006DHS","Niger"
"1",0.161006094314748,"NI1998DHS","Niger"
"2",0.181838186009466,"NI1998DHS","Niger"
"3",0.179835439206226,"NI1998DHS","Niger"
"4",0.160660143916015,"NI1998DHS","Niger"
"5",0.143594977901528,"NI1998DHS","Niger"
"6",0.100486651497767,"NI1998DHS","Niger"
"7",0.0725785071542494,"NI1998DHS","Niger"
"1",0.140021634669809,"NI1992DHS","Niger"
"2",0.190373783703137,"NI1992DHS","Niger"
"3",0.217824475001675,"NI1992DHS","Niger"
"4",0.166393286115039,"NI1992DHS","Niger"
"5",0.128286882276092,"NI1992DHS","Niger"
"6",0.0904362171551244,"NI1992DHS","Niger"
"7",0.0666637210791233,"NI1992DHS","Niger"
"1",0.0662302862734277,"NG2018DHS","Nigeria"
"2",0.149959281848115,"NG2018DHS","Nigeria"
"3",0.208318803100513,"NG2018DHS","Nigeria"
"4",0.186210521858358,"NG2018DHS","Nigeria"
"5",0.166433882507325,"NG2018DHS","Nigeria"
"6",0.118826116843298,"NG2018DHS","Nigeria"
"7",0.104021107568964,"NG2018DHS","Nigeria"
"1",0.080896696944742,"NG2013DHS","Nigeria"
"2",0.15672933220668,"NG2013DHS","Nigeria"
"3",0.212465211664624,"NG2013DHS","Nigeria"
"4",0.174956386239038,"NG2013DHS","Nigeria"
"5",0.154575528572284,"NG2013DHS","Nigeria"
"6",0.115924370797477,"NG2013DHS","Nigeria"
"7",0.104452473575154,"NG2013DHS","Nigeria"
"1",0.0790280954468739,"NG2008DHS","Nigeria"
"2",0.15520255567344,"NG2008DHS","Nigeria"
"3",0.216819926162886,"NG2008DHS","Nigeria"
"4",0.176967720986219,"NG2008DHS","Nigeria"
"5",0.151643842587288,"NG2008DHS","Nigeria"
"6",0.114993022904556,"NG2008DHS","Nigeria"
"7",0.105344836238738,"NG2008DHS","Nigeria"
"1",0.10206227121494,"NG2003DHS","Nigeria"
"2",0.170751821733963,"NG2003DHS","Nigeria"
"3",0.21484054007456,"NG2003DHS","Nigeria"
"4",0.158969151155186,"NG2003DHS","Nigeria"
"5",0.142899093352585,"NG2003DHS","Nigeria"
"6",0.11607580832949,"NG2003DHS","Nigeria"
"7",0.0944013141392767,"NG2003DHS","Nigeria"
"1",0.0866953047831069,"NG1990DHS","Nigeria"
"2",0.18584043166101,"NG1990DHS","Nigeria"
"3",0.216790644261008,"NG1990DHS","Nigeria"
"4",0.195872309329814,"NG1990DHS","Nigeria"
"5",0.129664426104692,"NG1990DHS","Nigeria"
"6",0.106290653149348,"NG1990DHS","Nigeria"
"7",0.0788462307110225,"NG1990DHS","Nigeria"
"1",0.0500794536611374,"PK2017DHS","Pakistan"
"2",0.156760145386465,"PK2017DHS","Pakistan"
"3",0.210787680025138,"PK2017DHS","Pakistan"
"4",0.198112107727359,"PK2017DHS","Pakistan"
"5",0.172701396265919,"PK2017DHS","Pakistan"
"6",0.111859644894264,"PK2017DHS","Pakistan"
"7",0.0996995720397168,"PK2017DHS","Pakistan"
"1",0.0459189789820996,"PK2012DHS","Pakistan"
"2",0.158704139685364,"PK2012DHS","Pakistan"
"3",0.205826881319195,"PK2012DHS","Pakistan"
"4",0.189708463316117,"PK2012DHS","Pakistan"
"5",0.16516555791131,"PK2012DHS","Pakistan"
"6",0.125017358725535,"PK2012DHS","Pakistan"
"7",0.109658620060379,"PK2012DHS","Pakistan"
"1",0.0584631682402199,"PK2006DHS","Pakistan"
"2",0.153123524226282,"PK2006DHS","Pakistan"
"3",0.205580230755525,"PK2006DHS","Pakistan"
"4",0.180967755481369,"PK2006DHS","Pakistan"
"5",0.163735974437136,"PK2006DHS","Pakistan"
"6",0.126438279670436,"PK2006DHS","Pakistan"
"7",0.111691067189031,"PK2006DHS","Pakistan"
"1",0.065693263775961,"PK1991DHS","Pakistan"
"2",0.163565875751516,"PK1991DHS","Pakistan"
"3",0.228218242268189,"PK1991DHS","Pakistan"
"4",0.180158309198719,"PK1991DHS","Pakistan"
"5",0.146366519190421,"PK1991DHS","Pakistan"
"6",0.12613588894139,"PK1991DHS","Pakistan"
"7",0.089861900873805,"PK1991DHS","Pakistan"
"1",0.0500158157871417,"PY1990DHS","Paraguay"
"2",0.148085054165192,"PY1990DHS","Paraguay"
"3",0.197163314120977,"PY1990DHS","Paraguay"
"4",0.19787740594623,"PY1990DHS","Paraguay"
"5",0.159501468396309,"PY1990DHS","Paraguay"
"6",0.141308102677564,"PY1990DHS","Paraguay"
"7",0.106048838906586,"PY1990DHS","Paraguay"
"1",0.0401297632889228,"PG2017DHS","Papua New Guinea"
"2",0.158591411910827,"PG2017DHS","Papua New Guinea"
"3",0.209902707685885,"PG2017DHS","Papua New Guinea"
"4",0.186880038950544,"PG2017DHS","Papua New Guinea"
"5",0.175491437479474,"PG2017DHS","Papua New Guinea"
"6",0.126641179738277,"PG2017DHS","Papua New Guinea"
"7",0.102363460946071,"PG2017DHS","Papua New Guinea"
"1",0.0363479201074584,"PE2012DHS","Peru"
"2",0.112699053846613,"PE2012DHS","Peru"
"3",0.158826626918343,"PE2012DHS","Peru"
"4",0.187165117214069,"PE2012DHS","Peru"
"5",0.185335983729239,"PE2012DHS","Peru"
"6",0.171431813313504,"PE2012DHS","Peru"
"7",0.148193484870774,"PE2012DHS","Peru"
"1",0.0340573186722682,"PE2011DHS","Peru"
"2",0.108800747205665,"PE2011DHS","Peru"
"3",0.1657020642246,"PE2011DHS","Peru"
"4",0.184329573317145,"PE2011DHS","Peru"
"5",0.19345057777257,"PE2011DHS","Peru"
"6",0.169651922308619,"PE2011DHS","Peru"
"7",0.144007796499133,"PE2011DHS","Peru"
"1",0.0368046276564333,"PE2010DHS","Peru"
"2",0.112757666846983,"PE2010DHS","Peru"
"3",0.16535052161854,"PE2010DHS","Peru"
"4",0.190210966135433,"PE2010DHS","Peru"
"5",0.186139217098436,"PE2010DHS","Peru"
"6",0.162773821677553,"PE2010DHS","Peru"
"7",0.145963178966622,"PE2010DHS","Peru"
"1",0.0364908338634862,"PE2009DHS","Peru"
"2",0.116347122877936,"PE2009DHS","Peru"
"3",0.169765150068518,"PE2009DHS","Peru"
"4",0.17894585658151,"PE2009DHS","Peru"
"5",0.196587949541722,"PE2009DHS","Peru"
"6",0.163226284524318,"PE2009DHS","Peru"
"7",0.138636802542511,"PE2009DHS","Peru"
"1",0.0359901539143901,"PE2004DHS","Peru"
"2",0.111251002499399,"PE2004DHS","Peru"
"3",0.16424513712596,"PE2004DHS","Peru"
"4",0.187130610262627,"PE2004DHS","Peru"
"5",0.180964181769859,"PE2004DHS","Peru"
"6",0.170981643478821,"PE2004DHS","Peru"
"7",0.149437270948945,"PE2004DHS","Peru"
"1",0.0372400643570268,"PE2000DHS","Peru"
"2",0.126002813781962,"PE2000DHS","Peru"
"3",0.176357656351805,"PE2000DHS","Peru"
"4",0.200005733107268,"PE2000DHS","Peru"
"5",0.175152648279412,"PE2000DHS","Peru"
"6",0.162349906078368,"PE2000DHS","Peru"
"7",0.122891178044157,"PE2000DHS","Peru"
"1",0.043373912416565,"PE1996DHS","Peru"
"2",0.148837377844419,"PE1996DHS","Peru"
"3",0.189733845344641,"PE1996DHS","Peru"
"4",0.198398128808383,"PE1996DHS","Peru"
"5",0.173895801647514,"PE1996DHS","Peru"
"6",0.141139505943856,"PE1996DHS","Peru"
"7",0.104621427994622,"PE1996DHS","Peru"
"1",0.0382774771295438,"PE1992DHS","Peru"
"2",0.143357787865373,"PE1992DHS","Peru"
"3",0.197743044779906,"PE1992DHS","Peru"
"4",0.189395345413363,"PE1992DHS","Peru"
"5",0.17899126328987,"PE1992DHS","Peru"
"6",0.143427066655808,"PE1992DHS","Peru"
"7",0.108808014866136,"PE1992DHS","Peru"
"1",0.0441379310344828,"PE1986DHS","Peru"
"2",0.143793103448276,"PE1986DHS","Peru"
"3",0.194137931034483,"PE1986DHS","Peru"
"4",0.193793103448276,"PE1986DHS","Peru"
"5",0.171379310344828,"PE1986DHS","Peru"
"6",0.139310344827586,"PE1986DHS","Peru"
"7",0.113448275862069,"PE1986DHS","Peru"
"1",0.0278734385410316,"PH2017DHS","Philippines"
"2",0.114387456330754,"PH2017DHS","Philippines"
"3",0.17499546209914,"PH2017DHS","Philippines"
"4",0.177335792684742,"PH2017DHS","Philippines"
"5",0.184768211951401,"PH2017DHS","Philippines"
"6",0.162702428849586,"PH2017DHS","Philippines"
"7",0.157937209543346,"PH2017DHS","Philippines"
"1",0.032161473605369,"PH2013DHS","Philippines"
"2",0.122982109290648,"PH2013DHS","Philippines"
"3",0.152489186248844,"PH2013DHS","Philippines"
"4",0.191398112065593,"PH2013DHS","Philippines"
"5",0.177277065502071,"PH2013DHS","Philippines"
"6",0.16835805495745,"PH2013DHS","Philippines"
"7",0.155333998330025,"PH2013DHS","Philippines"
"1",0.0336374510944315,"PH2008DHS","Philippines"
"2",0.118820878799035,"PH2008DHS","Philippines"
"3",0.185296043754114,"PH2008DHS","Philippines"
"4",0.186916051250087,"PH2008DHS","Philippines"
"5",0.18081124245595,"PH2008DHS","Philippines"
"6",0.154277919228605,"PH2008DHS","Philippines"
"7",0.140240413417778,"PH2008DHS","Philippines"
"1",0.0276021101477701,"PH2003DHS","Philippines"
"2",0.126239341586831,"PH2003DHS","Philippines"
"3",0.178536460942724,"PH2003DHS","Philippines"
"4",0.1917354924599,"PH2003DHS","Philippines"
"5",0.188328224655251,"PH2003DHS","Philippines"
"6",0.154685106911314,"PH2003DHS","Philippines"
"7",0.13287326329621,"PH2003DHS","Philippines"
"1",0.0293061443151185,"PH1998DHS","Philippines"
"2",0.116051617152092,"PH1998DHS","Philippines"
"3",0.190173650526921,"PH1998DHS","Philippines"
"4",0.207503631817465,"PH1998DHS","Philippines"
"5",0.192141637938727,"PH1998DHS","Philippines"
"6",0.149105293755693,"PH1998DHS","Philippines"
"7",0.115718024493984,"PH1998DHS","Philippines"
"1",0.0260847657390882,"PH1993DHS","Philippines"
"2",0.130970974633504,"PH1993DHS","Philippines"
"3",0.196752622987867,"PH1993DHS","Philippines"
"4",0.205112784767676,"PH1993DHS","Philippines"
"5",0.184384636449978,"PH1993DHS","Philippines"
"6",0.151566682699476,"PH1993DHS","Philippines"
"7",0.10512753272241,"PH1993DHS","Philippines"
"1",0.0121721579241841,"RW2015DHS","Rwanda"
"2",0.126503962986964,"RW2015DHS","Rwanda"
"3",0.225863876954269,"RW2015DHS","Rwanda"
"4",0.24252423288705,"RW2015DHS","Rwanda"
"5",0.177624226016456,"RW2015DHS","Rwanda"
"6",0.128354816435034,"RW2015DHS","Rwanda"
"7",0.0869567267960441,"RW2015DHS","Rwanda"
"1",0.0128629428155296,"RW2010DHS","Rwanda"
"2",0.144764037912944,"RW2010DHS","Rwanda"
"3",0.257012503594096,"RW2010DHS","Rwanda"
"4",0.211362251964093,"RW2010DHS","Rwanda"
"5",0.161233300063665,"RW2010DHS","Rwanda"
"6",0.113050042225213,"RW2010DHS","Rwanda"
"7",0.0997149214244585,"RW2010DHS","Rwanda"
"1",0.0117948664628339,"RW2005DHS","Rwanda"
"2",0.177877940637848,"RW2005DHS","Rwanda"
"3",0.227523706640625,"RW2005DHS","Rwanda"
"4",0.201892702158665,"RW2005DHS","Rwanda"
"5",0.14639349391926,"RW2005DHS","Rwanda"
"6",0.134055129871064,"RW2005DHS","Rwanda"
"7",0.100462160309703,"RW2005DHS","Rwanda"
"1",0.0340571047818199,"RW2000DHS","Rwanda"
"2",0.190669936855659,"RW2000DHS","Rwanda"
"3",0.221751608107226,"RW2000DHS","Rwanda"
"4",0.178520248917864,"RW2000DHS","Rwanda"
"5",0.160416146957913,"RW2000DHS","Rwanda"
"6",0.128486885271497,"RW2000DHS","Rwanda"
"7",0.0860980691080215,"RW2000DHS","Rwanda"
"1",0.0324141240124651,"RW1992DHS","Rwanda"
"2",0.163639453704511,"RW1992DHS","Rwanda"
"3",0.211952291888039,"RW1992DHS","Rwanda"
"4",0.223588292274759,"RW1992DHS","Rwanda"
"5",0.159913662606152,"RW1992DHS","Rwanda"
"6",0.128130335518451,"RW1992DHS","Rwanda"
"7",0.0803618399956235,"RW1992DHS","Rwanda"
"1",0.0641670419596311,"ST2008DHS","Sao Tome and Principe"
"2",0.165736877798188,"ST2008DHS","Sao Tome and Principe"
"3",0.21615793151273,"ST2008DHS","Sao Tome and Principe"
"4",0.192192892714093,"ST2008DHS","Sao Tome and Principe"
"5",0.130109484322603,"ST2008DHS","Sao Tome and Principe"
"6",0.14087456235973,"ST2008DHS","Sao Tome and Principe"
"7",0.0907612093330241,"ST2008DHS","Sao Tome and Principe"
"1",0.0699205228033411,"SN2019DHS","Senegal"
"2",0.166797576399102,"SN2019DHS","Senegal"
"3",0.198618280702032,"SN2019DHS","Senegal"
"4",0.192994432525112,"SN2019DHS","Senegal"
"5",0.169010522139814,"SN2019DHS","Senegal"
"6",0.108069840534383,"SN2019DHS","Senegal"
"7",0.0945888248962151,"SN2019DHS","Senegal"
"1",0.0710858888214317,"SN2018DHS","Senegal"
"2",0.140824306253276,"SN2018DHS","Senegal"
"3",0.208953811035291,"SN2018DHS","Senegal"
"4",0.190719013197682,"SN2018DHS","Senegal"
"5",0.165194366024654,"SN2018DHS","Senegal"
"6",0.127803036156602,"SN2018DHS","Senegal"
"7",0.0954195785110614,"SN2018DHS","Senegal"
"1",0.079616510985615,"SN2017DHS","Senegal"
"2",0.156309536829069,"SN2017DHS","Senegal"
"3",0.19508463182868,"SN2017DHS","Senegal"
"4",0.199223163034602,"SN2017DHS","Senegal"
"5",0.152218888674702,"SN2017DHS","Senegal"
"6",0.128795192452626,"SN2017DHS","Senegal"
"7",0.0887520761947064,"SN2017DHS","Senegal"
"1",0.0828426666652869,"SN2016DHS","Senegal"
"2",0.167371508181211,"SN2016DHS","Senegal"
"3",0.208813920751965,"SN2016DHS","Senegal"
"4",0.187784337121654,"SN2016DHS","Senegal"
"5",0.150570967518981,"SN2016DHS","Senegal"
"6",0.119939436526605,"SN2016DHS","Senegal"
"7",0.0826771632342976,"SN2016DHS","Senegal"
"1",0.0745214860163212,"SN2015DHS","Senegal"
"2",0.156973502678492,"SN2015DHS","Senegal"
"3",0.227795476710598,"SN2015DHS","Senegal"
"4",0.187892756302764,"SN2015DHS","Senegal"
"5",0.159430827127538,"SN2015DHS","Senegal"
"6",0.120530991975235,"SN2015DHS","Senegal"
"7",0.0728549591890514,"SN2015DHS","Senegal"
"1",0.0756698656538315,"SN2014DHS","Senegal"
"2",0.15947102191704,"SN2014DHS","Senegal"
"3",0.217144057221129,"SN2014DHS","Senegal"
"4",0.195088026348669,"SN2014DHS","Senegal"
"5",0.14672610100106,"SN2014DHS","Senegal"
"6",0.118955026155904,"SN2014DHS","Senegal"
"7",0.0869459017023666,"SN2014DHS","Senegal"
"1",0.0819919935123979,"SN2012DHS","Senegal"
"2",0.181798134875382,"SN2012DHS","Senegal"
"3",0.219243345788447,"SN2012DHS","Senegal"
"4",0.17996920739139,"SN2012DHS","Senegal"
"5",0.14501027050795,"SN2012DHS","Senegal"
"6",0.104214812131034,"SN2012DHS","Senegal"
"7",0.0877722357933975,"SN2012DHS","Senegal"
"1",0.0803902271900839,"SN2010DHS","Senegal"
"2",0.186721985013684,"SN2010DHS","Senegal"
"3",0.205633199225301,"SN2010DHS","Senegal"
"4",0.176379378517401,"SN2010DHS","Senegal"
"5",0.155984698046011,"SN2010DHS","Senegal"
"6",0.115188574448642,"SN2010DHS","Senegal"
"7",0.0797019375588766,"SN2010DHS","Senegal"
"1",0.102765544280696,"SN2005DHS","Senegal"
"2",0.186062183789938,"SN2005DHS","Senegal"
"3",0.192589241312895,"SN2005DHS","Senegal"
"4",0.172145985157674,"SN2005DHS","Senegal"
"5",0.144395847055803,"SN2005DHS","Senegal"
"6",0.111508998427598,"SN2005DHS","Senegal"
"7",0.090532199975396,"SN2005DHS","Senegal"
"1",0.092143407425933,"SN1997DHS","Senegal"
"2",0.169263482875037,"SN1997DHS","Senegal"
"3",0.194002003503756,"SN1997DHS","Senegal"
"4",0.171700293277773,"SN1997DHS","Senegal"
"5",0.172643967326899,"SN1997DHS","Senegal"
"6",0.118300287387713,"SN1997DHS","Senegal"
"7",0.0819465582028897,"SN1997DHS","Senegal"
"1",0.0921348314606742,"SN1993DHS","Senegal"
"2",0.171011235955056,"SN1993DHS","Senegal"
"3",0.193483146067416,"SN1993DHS","Senegal"
"4",0.17752808988764,"SN1993DHS","Senegal"
"5",0.164494382022472,"SN1993DHS","Senegal"
"6",0.124494382022472,"SN1993DHS","Senegal"
"7",0.0768539325842697,"SN1993DHS","Senegal"
"1",0.121545319465082,"SN1986DHS","Senegal"
"2",0.194353640416048,"SN1986DHS","Senegal"
"3",0.214561664190193,"SN1986DHS","Senegal"
"4",0.18038632986627,"SN1986DHS","Senegal"
"5",0.133432392273403,"SN1986DHS","Senegal"
"6",0.0811292719167905,"SN1986DHS","Senegal"
"7",0.074591381872214,"SN1986DHS","Senegal"
"1",0.049144581174934,"SL2019DHS","Sierra Leone"
"2",0.140485066118829,"SL2019DHS","Sierra Leone"
"3",0.2158666698042,"SL2019DHS","Sierra Leone"
"4",0.168529138161415,"SL2019DHS","Sierra Leone"
"5",0.201713851040983,"SL2019DHS","Sierra Leone"
"6",0.116228139155178,"SL2019DHS","Sierra Leone"
"7",0.108032554544462,"SL2019DHS","Sierra Leone"
"1",0.0668877971447058,"SL2013DHS","Sierra Leone"
"2",0.144008306759085,"SL2013DHS","Sierra Leone"
"3",0.213043216218063,"SL2013DHS","Sierra Leone"
"4",0.186481521779726,"SL2013DHS","Sierra Leone"
"5",0.181070484259384,"SL2013DHS","Sierra Leone"
"6",0.107334917946076,"SL2013DHS","Sierra Leone"
"7",0.10117375589296,"SL2013DHS","Sierra Leone"
"1",0.0649091118761401,"SL2008DHS","Sierra Leone"
"2",0.146937445172228,"SL2008DHS","Sierra Leone"
"3",0.258679366303722,"SL2008DHS","Sierra Leone"
"4",0.162791066692881,"SL2008DHS","Sierra Leone"
"5",0.184991496464357,"SL2008DHS","Sierra Leone"
"6",0.103606050974304,"SL2008DHS","Sierra Leone"
"7",0.0780854625163683,"SL2008DHS","Sierra Leone"
"1",0.014450642417223,"ZA2016DHS","South Africa"
"2",0.0888984831136489,"ZA2016DHS","South Africa"
"3",0.168646651631645,"ZA2016DHS","South Africa"
"4",0.22561974571832,"ZA2016DHS","South Africa"
"5",0.188658907252642,"ZA2016DHS","South Africa"
"6",0.166221301752738,"ZA2016DHS","South Africa"
"7",0.147504268113783,"ZA2016DHS","South Africa"
"1",0.0142967029721159,"ZA1998DHS","South Africa"
"2",0.0916350426242669,"ZA1998DHS","South Africa"
"3",0.177281395039024,"ZA1998DHS","South Africa"
"4",0.198526271264419,"ZA1998DHS","South Africa"
"5",0.219388238079415,"ZA1998DHS","South Africa"
"6",0.170451328458842,"ZA1998DHS","South Africa"
"7",0.128421021561917,"ZA1998DHS","South Africa"
"1",0.023422273988173,"LK1987DHS","Sri Lanka"
"2",0.127697395417173,"LK1987DHS","Sri Lanka"
"3",0.196781680373049,"LK1987DHS","Sri Lanka"
"4",0.210533729523945,"LK1987DHS","Sri Lanka"
"5",0.191830619196866,"LK1987DHS","Sri Lanka"
"6",0.151345453444772,"LK1987DHS","Sri Lanka"
"7",0.0983888480560224,"LK1987DHS","Sri Lanka"
"1",0.067962962962963,"SD1990DHS","Sudan"
"2",0.166666666666667,"SD1990DHS","Sudan"
"3",0.236296296296296,"SD1990DHS","Sudan"
"4",0.167777777777778,"SD1990DHS","Sudan"
"5",0.176851851851852,"SD1990DHS","Sudan"
"6",0.100555555555556,"SD1990DHS","Sudan"
"7",0.0838888888888889,"SD1990DHS","Sudan"
"1",0.0427620072483436,"SZ2006DHS","Swaziland"
"2",0.166184685852518,"SZ2006DHS","Swaziland"
"3",0.188404246708052,"SZ2006DHS","Swaziland"
"4",0.183781855297723,"SZ2006DHS","Swaziland"
"5",0.16215373715668,"SZ2006DHS","Swaziland"
"6",0.14126385607576,"SZ2006DHS","Swaziland"
"7",0.115449611660924,"SZ2006DHS","Swaziland"
"1",0.0310349440245646,"TJ2017DHS","Tajikistan"
"2",0.200921164514122,"TJ2017DHS","Tajikistan"
"3",0.217843855373551,"TJ2017DHS","Tajikistan"
"4",0.177335860641902,"TJ2017DHS","Tajikistan"
"5",0.140514490411277,"TJ2017DHS","Tajikistan"
"6",0.123035915870306,"TJ2017DHS","Tajikistan"
"7",0.109313769164278,"TJ2017DHS","Tajikistan"
"1",0.040887468775211,"TJ2012DHS","Tajikistan"
"2",0.202958016695764,"TJ2012DHS","Tajikistan"
"3",0.204872043121765,"TJ2012DHS","Tajikistan"
"4",0.155920680961598,"TJ2012DHS","Tajikistan"
"5",0.141846024997465,"TJ2012DHS","Tajikistan"
"6",0.135177487343031,"TJ2012DHS","Tajikistan"
"7",0.118338278105166,"TJ2012DHS","Tajikistan"
"1",0.0813225083259373,"TZ2015DHS","Tanzania"
"2",0.180106650049162,"TZ2015DHS","Tanzania"
"3",0.196834862515812,"TZ2015DHS","Tanzania"
"4",0.167845703998823,"TZ2015DHS","Tanzania"
"5",0.15931578114487,"TZ2015DHS","Tanzania"
"6",0.125873852294175,"TZ2015DHS","Tanzania"
"7",0.0887006416712194,"TZ2015DHS","Tanzania"
"1",0.0622752428834192,"TZ2010DHS","Tanzania"
"2",0.188774403253213,"TZ2010DHS","Tanzania"
"3",0.208686319627521,"TZ2010DHS","Tanzania"
"4",0.17737629458059,"TZ2010DHS","Tanzania"
"5",0.161605452226826,"TZ2010DHS","Tanzania"
"6",0.115565829486425,"TZ2010DHS","Tanzania"
"7",0.0857164579420051,"TZ2010DHS","Tanzania"
"1",0.0848683061948057,"TZ2004DHS","Tanzania"
"2",0.201450302869899,"TZ2004DHS","Tanzania"
"3",0.217449092707775,"TZ2004DHS","Tanzania"
"4",0.185839087883958,"TZ2004DHS","Tanzania"
"5",0.127171862104538,"TZ2004DHS","Tanzania"
"6",0.0998093413684699,"TZ2004DHS","Tanzania"
"7",0.0834120068705543,"TZ2004DHS","Tanzania"
"1",0.0856405434508525,"TZ1999DHS","Tanzania"
"2",0.207244663764843,"TZ1999DHS","Tanzania"
"3",0.231963066234634,"TZ1999DHS","Tanzania"
"4",0.153397184389904,"TZ1999DHS","Tanzania"
"5",0.137089864443589,"TZ1999DHS","Tanzania"
"6",0.0902042854247464,"TZ1999DHS","Tanzania"
"7",0.0944603922914322,"TZ1999DHS","Tanzania"
"1",0.0741215568049918,"TZ1996DHS","Tanzania"
"2",0.209039826499051,"TZ1996DHS","Tanzania"
"3",0.218838156737743,"TZ1996DHS","Tanzania"
"4",0.17495281001225,"TZ1996DHS","Tanzania"
"5",0.136726490040597,"TZ1996DHS","Tanzania"
"6",0.103677842603062,"TZ1996DHS","Tanzania"
"7",0.0826433173023059,"TZ1996DHS","Tanzania"
"1",0.0923735623532857,"TZ1992DHS","Tanzania"
"2",0.212471414744721,"TZ1992DHS","Tanzania"
"3",0.210922816026824,"TZ1992DHS","Tanzania"
"4",0.154874315537526,"TZ1992DHS","Tanzania"
"5",0.139237808517263,"TZ1992DHS","Tanzania"
"6",0.0998744803646486,"TZ1992DHS","Tanzania"
"7",0.0902456024557319,"TZ1992DHS","Tanzania"
"1",0.0534708318074427,"TH1987DHS","Thailand"
"2",0.153454466199439,"TH1987DHS","Thailand"
"3",0.199336264433076,"TH1987DHS","Thailand"
"4",0.200456569354852,"TH1987DHS","Thailand"
"5",0.163428763888598,"TH1987DHS","Thailand"
"6",0.121518231329008,"TH1987DHS","Thailand"
"7",0.108334872987584,"TH1987DHS","Thailand"
"1",0.0318017077839293,"TL2016DHS","Timor-Leste"
"2",0.133924039027119,"TL2016DHS","Timor-Leste"
"3",0.204626822823276,"TL2016DHS","Timor-Leste"
"4",0.20454359856062,"TL2016DHS","Timor-Leste"
"5",0.130735221710268,"TL2016DHS","Timor-Leste"
"6",0.169000870496388,"TL2016DHS","Timor-Leste"
"7",0.1253677395984,"TL2016DHS","Timor-Leste"
"1",0.0307147150758836,"TL2009DHS","Timor-Leste"
"2",0.139152456240787,"TL2009DHS","Timor-Leste"
"3",0.191752501545664,"TL2009DHS","Timor-Leste"
"4",0.172285966927628,"TL2009DHS","Timor-Leste"
"5",0.191533787348334,"TL2009DHS","Timor-Leste"
"6",0.15317127144888,"TL2009DHS","Timor-Leste"
"7",0.121389301412825,"TL2009DHS","Timor-Leste"
"1",0.034369531041506,"TG2013DHS","Togo"
"2",0.141881077145818,"TG2013DHS","Togo"
"3",0.220902896691407,"TG2013DHS","Togo"
"4",0.196128639495354,"TG2013DHS","Togo"
"5",0.181047139406087,"TG2013DHS","Togo"
"6",0.12575857189739,"TG2013DHS","Togo"
"7",0.0999121443224387,"TG2013DHS","Togo"
"1",0.0586251357667449,"TG1998DHS","Togo"
"2",0.150825280920556,"TG1998DHS","Togo"
"3",0.230447960918221,"TG1998DHS","Togo"
"4",0.20914073946032,"TG1998DHS","Togo"
"5",0.164093942041407,"TG1998DHS","Togo"
"6",0.099996838893793,"TG1998DHS","Togo"
"7",0.0868701019989589,"TG1998DHS","Togo"
"1",0.078239608801956,"TG1988DHS","Togo"
"2",0.197229013854931,"TG1988DHS","Togo"
"3",0.227383863080685,"TG1988DHS","Togo"
"4",0.178484107579462,"TG1988DHS","Togo"
"5",0.138549307253464,"TG1988DHS","Togo"
"6",0.0961695191524042,"TG1988DHS","Togo"
"7",0.0839445802770986,"TG1988DHS","Togo"
"1",0.0531142529614062,"TT1987DHS","Trinidad and Tobago"
"2",0.171952617500955,"TT1987DHS","Trinidad and Tobago"
"3",0.238440962934658,"TT1987DHS","Trinidad and Tobago"
"4",0.179212839128773,"TT1987DHS","Trinidad and Tobago"
"5",0.148643484906381,"TT1987DHS","Trinidad and Tobago"
"6",0.119220481467329,"TT1987DHS","Trinidad and Tobago"
"7",0.0894153611004967,"TT1987DHS","Trinidad and Tobago"
"1",0.0157028913260219,"TN1988DHS","Tunisia"
"2",0.13135593220339,"TN1988DHS","Tunisia"
"3",0.208374875373878,"TN1988DHS","Tunisia"
"4",0.229810568295115,"TN1988DHS","Tunisia"
"5",0.180209371884347,"TN1988DHS","Tunisia"
"6",0.134097706879362,"TN1988DHS","Tunisia"
"7",0.100448654037886,"TN1988DHS","Tunisia"
"1",0.0166517893021873,"TR2013DHS","Turkey"
"2",0.0928906554587162,"TR2013DHS","Turkey"
"3",0.175085547873452,"TR2013DHS","Turkey"
"4",0.20932921168507,"TR2013DHS","Turkey"
"5",0.203194696290503,"TR2013DHS","Turkey"
"6",0.16916747215578,"TR2013DHS","Turkey"
"7",0.133680627234291,"TR2013DHS","Turkey"
"1",0.0309427202389695,"TR2003DHS","Turkey"
"2",0.132878665837446,"TR2003DHS","Turkey"
"3",0.187004601565674,"TR2003DHS","Turkey"
"4",0.185510911808243,"TR2003DHS","Turkey"
"5",0.173758336985096,"TR2003DHS","Turkey"
"6",0.159467825651165,"TR2003DHS","Turkey"
"7",0.130436937913407,"TR2003DHS","Turkey"
"1",0.0442820521367261,"TR1998DHS","Turkey"
"2",0.156091295614912,"TR1998DHS","Turkey"
"3",0.202073371049264,"TR1998DHS","Turkey"
"4",0.184042925066329,"TR1998DHS","Turkey"
"5",0.171327945677628,"TR1998DHS","Turkey"
"6",0.133291118648402,"TR1998DHS","Turkey"
"7",0.108891291806739,"TR1998DHS","Turkey"
"1",0.0524009130130998,"TR1993DHS","Turkey"
"2",0.163638016620616,"TR1993DHS","Turkey"
"3",0.189735866684189,"TR1993DHS","Turkey"
"4",0.199914615221362,"TR1993DHS","Turkey"
"5",0.163633596262134,"TR1993DHS","Turkey"
"6",0.132913405337605,"TR1993DHS","Turkey"
"7",0.0977635868609943,"TR1993DHS","Turkey"
"1",0.0757151504728293,"UG2016DHS","Uganda"
"2",0.217815409656877,"UG2016DHS","Uganda"
"3",0.21022873868989,"UG2016DHS","Uganda"
"4",0.177835417546243,"UG2016DHS","Uganda"
"5",0.138228682088939,"UG2016DHS","Uganda"
"6",0.105385851340762,"UG2016DHS","Uganda"
"7",0.0747907502044596,"UG2016DHS","Uganda"
"1",0.075424668749764,"UG2011DHS","Uganda"
"2",0.202412251000244,"UG2011DHS","Uganda"
"3",0.23908318582046,"UG2011DHS","Uganda"
"4",0.162506878669368,"UG2011DHS","Uganda"
"5",0.151380275252815,"UG2011DHS","Uganda"
"6",0.102059025652293,"UG2011DHS","Uganda"
"7",0.0671337148550558,"UG2011DHS","Uganda"
"1",0.071262440421311,"UG2006DHS","Uganda"
"2",0.215100020896873,"UG2006DHS","Uganda"
"3",0.212839890798644,"UG2006DHS","Uganda"
"4",0.186015557956387,"UG2006DHS","Uganda"
"5",0.137504030582824,"UG2006DHS","Uganda"
"6",0.100888513549536,"UG2006DHS","Uganda"
"7",0.0763895457944252,"UG2006DHS","Uganda"
"1",0.0954810594966124,"UG2000DHS","Uganda"
"2",0.235577805188637,"UG2000DHS","Uganda"
"3",0.22081657171133,"UG2000DHS","Uganda"
"4",0.165390322514633,"UG2000DHS","Uganda"
"5",0.133591759057705,"UG2000DHS","Uganda"
"6",0.0882569760419153,"UG2000DHS","Uganda"
"7",0.0608855059891683,"UG2000DHS","Uganda"
"1",0.147214912763588,"UG1995DHS","Uganda"
"2",0.236068895090466,"UG1995DHS","Uganda"
"3",0.208048433993779,"UG1995DHS","Uganda"
"4",0.157666973101651,"UG1995DHS","Uganda"
"5",0.12766608968196,"UG1995DHS","Uganda"
"6",0.0714842058589583,"UG1995DHS","Uganda"
"7",0.0518504895095984,"UG1995DHS","Uganda"
"1",0.132664492416281,"UG1988DHS","Uganda"
"2",0.223135829221873,"UG1988DHS","Uganda"
"3",0.221657904637532,"UG1988DHS","Uganda"
"4",0.159175548456437,"UG1988DHS","Uganda"
"5",0.113984595484648,"UG1988DHS","Uganda"
"6",0.079314739287044,"UG1988DHS","Uganda"
"7",0.0700668904961855,"UG1988DHS","Uganda"
"1",0.0108389388594184,"UA2007DHS","Ukraine"
"2",0.114653298434892,"UA2007DHS","Ukraine"
"3",0.167846805796728,"UA2007DHS","Ukraine"
"4",0.17214451693838,"UA2007DHS","Ukraine"
"5",0.187169610469306,"UA2007DHS","Ukraine"
"6",0.165178843172149,"UA2007DHS","Ukraine"
"7",0.182167986329126,"UA2007DHS","Ukraine"
"1",0.0404397637786228,"UZ1996DHS","Uzbekistan"
"2",0.193156479190896,"UZ1996DHS","Uzbekistan"
"3",0.206152722654858,"UZ1996DHS","Uzbekistan"
"4",0.184257491678692,"UZ1996DHS","Uzbekistan"
"5",0.167686068828036,"UZ1996DHS","Uzbekistan"
"6",0.123340875766886,"UZ1996DHS","Uzbekistan"
"7",0.0849665981020093,"UZ1996DHS","Uzbekistan"
"1",0.0126042711651216,"VN2002DHS","Vietnam"
"2",0.100443115403701,"VN2002DHS","Vietnam"
"3",0.183006880627318,"VN2002DHS","Vietnam"
"4",0.199026666564245,"VN2002DHS","Vietnam"
"5",0.195282984503771,"VN2002DHS","Vietnam"
"6",0.180983267771134,"VN2002DHS","Vietnam"
"7",0.128652813964709,"VN2002DHS","Vietnam"
"1",0.0240912916917194,"VN1997DHS","Vietnam"
"2",0.134066463233285,"VN1997DHS","Vietnam"
"3",0.184974713189511,"VN1997DHS","Vietnam"
"4",0.215994954705993,"VN1997DHS","Vietnam"
"5",0.199983558038095,"VN1997DHS","Vietnam"
"6",0.146954790574665,"VN1997DHS","Vietnam"
"7",0.0939342285667317,"VN1997DHS","Vietnam"
"1",0.0696153458264727,"YE2013DHS","Yemen"
"2",0.190668943099834,"YE2013DHS","Yemen"
"3",0.229584399204857,"YE2013DHS","Yemen"
"4",0.171865430080515,"YE2013DHS","Yemen"
"5",0.154781728521414,"YE2013DHS","Yemen"
"6",0.101427922453155,"YE2013DHS","Yemen"
"7",0.0820562308137524,"YE2013DHS","Yemen"
"1",0.0757894858669036,"YE1991DHS","Yemen"
"2",0.147124636383477,"YE1991DHS","Yemen"
"3",0.229503024764677,"YE1991DHS","Yemen"
"4",0.174242390900783,"YE1991DHS","Yemen"
"5",0.169639294749347,"YE1991DHS","Yemen"
"6",0.114871864730125,"YE1991DHS","Yemen"
"7",0.0888293026046866,"YE1991DHS","Yemen"
"1",0.0571962112368657,"ZM2018DHS","Zambia"
"2",0.188009352082119,"ZM2018DHS","Zambia"
"3",0.201887229011142,"ZM2018DHS","Zambia"
"4",0.182590360144269,"ZM2018DHS","Zambia"
"5",0.170885689939254,"ZM2018DHS","Zambia"
"6",0.118677329985956,"ZM2018DHS","Zambia"
"7",0.080753827600394,"ZM2018DHS","Zambia"
"1",0.0621294745218754,"ZM2013DHS","Zambia"
"2",0.170842413807924,"ZM2013DHS","Zambia"
"3",0.221247320314052,"ZM2013DHS","Zambia"
"4",0.200390753982751,"ZM2013DHS","Zambia"
"5",0.159498409646087,"ZM2013DHS","Zambia"
"6",0.111794686374116,"ZM2013DHS","Zambia"
"7",0.0740969413531942,"ZM2013DHS","Zambia"
"1",0.0635598460126762,"ZM2007DHS","Zambia"
"2",0.201910376924298,"ZM2007DHS","Zambia"
"3",0.239268528204322,"ZM2007DHS","Zambia"
"4",0.187736359771361,"ZM2007DHS","Zambia"
"5",0.133992553811793,"ZM2007DHS","Zambia"
"6",0.0932724705050817,"ZM2007DHS","Zambia"
"7",0.0802598647704683,"ZM2007DHS","Zambia"
"1",0.0932422328482874,"ZM2002DHS","Zambia"
"2",0.231356116892092,"ZM2002DHS","Zambia"
"3",0.224936692345737,"ZM2002DHS","Zambia"
"4",0.161113778340966,"ZM2002DHS","Zambia"
"5",0.125848278570968,"ZM2002DHS","Zambia"
"6",0.0956911985512316,"ZM2002DHS","Zambia"
"7",0.0678117024507184,"ZM2002DHS","Zambia"
"1",0.101515490317355,"ZM1996DHS","Zambia"
"2",0.246232298972412,"ZM1996DHS","Zambia"
"3",0.197640196696579,"ZM1996DHS","Zambia"
"4",0.17489774316968,"ZM1996DHS","Zambia"
"5",0.119449653081633,"ZM1996DHS","Zambia"
"6",0.0853908246408344,"ZM1996DHS","Zambia"
"7",0.0748737931215058,"ZM1996DHS","Zambia"
"1",0.118119965239129,"ZM1992DHS","Zambia"
"2",0.22197258708355,"ZM1992DHS","Zambia"
"3",0.211493389195594,"ZM1992DHS","Zambia"
"4",0.16929119752215,"ZM1992DHS","Zambia"
"5",0.120516886563012,"ZM1992DHS","Zambia"
"6",0.0924174307411268,"ZM1992DHS","Zambia"
"7",0.0661885436554383,"ZM1992DHS","Zambia"
"1",0.0701698829409939,"ZW2015DHS","Zimbabwe"
"2",0.169945389705419,"ZW2015DHS","Zimbabwe"
"3",0.207733125837789,"ZW2015DHS","Zimbabwe"
"4",0.216707647923066,"ZW2015DHS","Zimbabwe"
"5",0.15844139275354,"ZW2015DHS","Zimbabwe"
"6",0.114985457965618,"ZW2015DHS","Zimbabwe"
"7",0.0620171028735742,"ZW2015DHS","Zimbabwe"
"1",0.0792614935504711,"ZW2010DHS","Zimbabwe"
"2",0.21218491089066,"ZW2010DHS","Zimbabwe"
"3",0.233059670863195,"ZW2010DHS","Zimbabwe"
"4",0.177431286253764,"ZW2010DHS","Zimbabwe"
"5",0.142877282166191,"ZW2010DHS","Zimbabwe"
"6",0.085616663901705,"ZW2010DHS","Zimbabwe"
"7",0.0695686923740142,"ZW2010DHS","Zimbabwe"
"1",0.0870250323844945,"ZW2005DHS","Zimbabwe"
"2",0.233292034379245,"ZW2005DHS","Zimbabwe"
"3",0.2188088125628,"ZW2005DHS","Zimbabwe"
"4",0.181381196033584,"ZW2005DHS","Zimbabwe"
"5",0.108176933584053,"ZW2005DHS","Zimbabwe"
"6",0.0943279611807799,"ZW2005DHS","Zimbabwe"
"7",0.0769880298750439,"ZW2005DHS","Zimbabwe"
"1",0.0869999169325228,"ZW1999DHS","Zimbabwe"
"2",0.227369176973889,"ZW1999DHS","Zimbabwe"
"3",0.218265262803865,"ZW1999DHS","Zimbabwe"
"4",0.150531938773798,"ZW1999DHS","Zimbabwe"
"5",0.137290653920123,"ZW1999DHS","Zimbabwe"
"6",0.104029298165813,"ZW1999DHS","Zimbabwe"
"7",0.0755137524299888,"ZW1999DHS","Zimbabwe"
"1",0.0729330499164829,"ZW1994DHS","Zimbabwe"
"2",0.210638974550362,"ZW1994DHS","Zimbabwe"
"3",0.191552168438027,"ZW1994DHS","Zimbabwe"
"4",0.190600052114351,"ZW1994DHS","Zimbabwe"
"5",0.139969795513009,"ZW1994DHS","Zimbabwe"
"6",0.112189438146316,"ZW1994DHS","Zimbabwe"
"7",0.0821165213214509,"ZW1994DHS","Zimbabwe"
"1",0.0681044267877412,"ZW1988DHS","Zimbabwe"
"2",0.194097616345062,"ZW1988DHS","Zimbabwe"
"3",0.211502080968596,"ZW1988DHS","Zimbabwe"
"4",0.190314037079077,"ZW1988DHS","Zimbabwe"
"5",0.152478244419221,"ZW1988DHS","Zimbabwe"
"6",0.0957245554294363,"ZW1988DHS","Zimbabwe"
"7",0.0877790389708664,"ZW1988DHS","Zimbabwe"
